CODIGO,GLOSA,FONASA,ISAPRE,PARTICULAR,N ORDEN,CATEGORIA
1,PABELLON 1,119700,105081,140490,2,Pabellon
2,PABELLON 2,140700,157500,163065,2,Pabellon
3,PABELLON 3,184800,196937,203805,2,Pabellon
4,PABELLON 4,227850,260010,269115,2,Pabellon
5,PABELLON 5,368550,418736,433335,2,Pabellon
6,PABELLON 6,572250,649892,672525,2,Pabellon
7,PABELLON 7,715050,813344,841575,2,Pabellon
8,PABELLON 8,961800,1075314,1112685,2,Pabellon
9,PABELLON 9,1130850,1285969,1330665,2,Pabellon
10,PABELLON 10,1365000,1543934,1597575,2,Pabellon
11,PABELLON 11,1573950,1860980,1925700,2,Pabellon
12,PABELLON 12,1921500,2164284,2239440,2,Pabellon
13,PABELLON 13,2116800,2571936,2661330,2,Pabellon
14,PABELLON 14,2415000,2694409,2788065,2,Pabellon
101001,CONSULTA DE MEDICINA GENERAL,14870,36742,41500,34,Consulta
101201,CONSULTA MEDICA DE ESPECIALIDAD EN DERMATOLOGIA,26830,59032,76500,34,Consulta
101203,CONSULTA MEDICA DE ESPECIALIDAD EN NEUROCIRUGIA,26830,65646,66500,34,Consulta
101205,CONSULTA MEDICA DE ESPECIALIDAD EN OTORRINOLARINGOLOGIA,26830,45928,66500,34,Consulta
101206,CONSULTA MÉDICA DE ESPECIALIDAD EN REUMATOLOGÍA,76500,76500,76500,34,Consulta
101209,CONSULTA MEDICA DE ESPECIALIDAD EN NEUROLOGIA ADULTOS,76500,76500,76500,34,Consulta
101211,CONSULTA MÉDICA DE ESPECIALIDAD EN ONCOLOGÍA MÉDICA,66500,62700,66500,34,Consulta
101301,CONSULTA MEDICA DE ESPECIALIDAD EN CARDIOLOGIA,18890,59032,66500,34,Consulta
101302,CONSULTA MÉDICA DE ESPECIALIDAD EN HEMATOLOGÍA,66500,66500,66500,34,Consulta
101303,CONSULTA MEDICA DE ESPECIALIDAD EN INFECTOLOGIA,18890,59032,66500,34,Consulta
101306,CONSULTA MÉDICA DE ESPECIALIDAD EN MEDICINA FÍSICA Y REHABILITACIÓN,76500,76500,76500,34,Consulta
101307,CONSULTA MEDICA DE ESPECIALIDAD EN MEDICINA INTERNA,18890,45928,58500,34,Consulta
101308,CONSULTA MEDICA DE ESPECIALIDAD EN OBSTETRICIA Y GINECOLOGIA,18890,45928,50000,34,Consulta
101309,CONSULTA MEDICA DE ESPECIALIDAD EN PEDIATRIA,18890,45928,58500,34,Consulta
101310,CONSULTA MEDICA DE ESPECIALIDAD EN TRAUMATOLOGIA Y ORTOPEDIA,18890,45928,58500,34,Consulta
101311,CONSULTA MEDICA DE ESPECIALIDAD EN UROLOGIA,26830,45928,58500,34,Consulta
101312,CONSULTA MEDICA DE ESPECIALIDAD EN CIRUGIA GENERAL,18890,45928,58500,34,Consulta
101313,"CONSULTA MEDICA DE ESPECIALIDAD EN CIRUGÍA DE CABEZA, CUELLO Y MÁXILOFACIAL",18890,45928,66500,34,Consulta
101315,CONSULTA MÉDICA DE ESPECIALIDAD EN CIRUGÍA DE TÓRAX,18890,45928,66500,34,Consulta
101316,CONSULTA MEDICA DE ESPECIALIDAD CIRUGIA PLASTICA,87500,87500,87500,34,Consulta
101317,CONSULTA MEDICA DE ESPECIALIDAD EN CIRUGIA PEDIATRICA,18890,48622,58500,34,Consulta
101318,CONSULTA MEDICA DE ESPECIALIDAD EN CIRUGIA VASCULAR,18890,45928,66500,34,Consulta
101319,CONSULTA MÉDICA DE ESPECIALIDAD EN COLOPROCTOLOGIA,18890,45928,66500,34,Consulta
101321,CONSULTA MEDICA DE ESPECIALIDAD EN ENFERMEDADES RESPIRATORIAS,18890,45928,66500,34,Consulta
101323,CONSULTA MEDICA DE ESPECIALIDAD EN GASTROENTEROLOGIA ADULTO,76500,76500,76500,34,Consulta
101325,CONSULTA MEDICA DE ESPECIALIDAD EN GENETICA CLINICA,66500,66500,66500,34,Consulta
101326,CONSULTA MEDICA DE ESPECIALIDAD EN NEFROLOGIA,66500,66500,66500,34,Consulta
101335,CONSULTA PODOLOGIA,24900,24900,24900,34,Consulta
101336,CONSULTA TERAPIA OCUPACIONAL,33800,33800,33800,34,Consulta
101337,CONSULTA ESPECIALIDAD MAXILOFACIAL,58500,58500,58500,34,Consulta
101338,CONSULTA MATRONA,21800,21800,21800,34,Consulta
101340,NUTRICIONISTA ONCOLOGICA,35000,35000,35000,34,Consulta
102001,CONSULTA URGENCIA ADULTO,14870,59154,66763,34,Consulta
102002,CONSULTA URGENCIA INFANTIL,14870,59154,66763,34,Consulta
102003,CONSULTA URGENCIA ADULTO INHABIL,14870,72260,81585,34,Consulta
102004,CONSULTA URGENCIA INFANTIL INHABIL,14870,72260,81585,34,Consulta
102010,CONSULTA DE ESPECIALIDAD NUTRICIONISTA,31500,31500,31500,34,Consulta
102016,CONSULTA FONOAUDIOLOGIA,15000,15000,24900,34,Consulta
102031,CONSULTA ESPECIALIDAD NUTRIOLOGIA,58500,58500,58500,34,Consulta
201001,DIA CAMA CUIDADOS BASICOS (SALA 1 CAMA),340200,420083,434700,1,Hospitalizacion
201002,DIA CAMA CUIDADOS BASICOS (SALA 2 O MAS CAMAS),231000,274340,283920,1,Hospitalizacion
201101,DIA CAMA CUIDADOS MEDIOS (SALA 1 CAMA),449400,525165,543480,1,Hospitalizacion
201201,DIA CAMA EN UNIDAD DE CUIDADO INTENSIVO (UCI),1210650,1249226,1292655,1,Hospitalizacion
201301,DIA CAMA UNIDAD DE TRATAMIENTO INTERMEDIO (UTI),890400,918549,950460,1,Hospitalizacion
201303,DIA CAMA UTI NEONATAL HOSPITALIZACION INTEGRAL (U.T.I),892500,888250,1235850,1,Hospitalizacion
201403,DIA CAMA SALA CUNA,138600,151009,156240,1,Hospitalizacion
201407,DIA CAMA OBSERVACION - AMBULATORIO,143850,157500,163065,1,Hospitalizacion
301002,ÁCIDO FÓLICO ( ERITROCITARIO ),8080,10504,8413,8,Laboratorio
301007,ANTICOAGULANTES CIRCULANTES O ANTICOAGULANTE LÚPICO,8450,10985,14078,8,Laboratorio
301008,ANTITROMBINA III,8450,10985,14078,8,Laboratorio
301011,"TIEMPO DE COAGULACIÓN,",2420,3146,4032,8,Laboratorio
301014,"COOMBS DIRECTO, TEST DE.",2260,2938,3765,8,Laboratorio
301021,FIBRINÓGENO.,4110,5343,6847,8,Laboratorio
301024,FACTOR V,3620,4706,6031,8,Laboratorio
301025,"FACTOR VII,",8160,10608,13595,8,Laboratorio
301026,FERRITINA.,9700,12610,16160,8,Laboratorio
301028,FIERRO SÉRICO.,3420,4446,5698,8,Laboratorio
301029,"FIERRO, CAPACIDAD DE FIJACIÓN DEL",7460,9698,12428,8,Laboratorio
301030,"FIERRO, CINÉTICA DEL (CADA DETERMINACIÓN).",8400,10920,13994,8,Laboratorio
301034,GRUPOS ABO Y RHO,4030,5239,6714,8,Laboratorio
301035,HAPTOGLOBINA,7680,9984,12795,8,Laboratorio
301036,HEMATOCRITO,1250,1625,2083,8,Laboratorio
301038,HEMOGLOBINA,1250,1625,2083,8,Laboratorio
301041,HEMOGLOBINA GLICOSILADA,7300,9490,12162,8,Laboratorio
301042,HEMOGLOBINA PLASMÁTICA,1650,2145,2749,8,Laboratorio
301045,"HEMOGRAMA (INCLUYE RECUENTOS DE LEUCOCITOS Y ERITROCITOS, HEMOGLOBINA, HEMATOCRITO, FORMULA LEUCOCITARIA, CARACTERÍSTICAS DE LOS ELEMENTOS FIGURADOS Y VELOCIDAD DE ERITROSEDIMENTACIÓN)",4980,6474,8297,8,Laboratorio
301051,"ISOINMUNIZACIÓN, DETECCIÓN E IDENTIFICACIÓN DE ANTICUERPOS IRREGULARES.",8100,10530,13495,8,Laboratorio
301059,TIEMPO DE PROTROMBINA,2500,3250,4165,8,Laboratorio
301062,RECUENTO DE BASÓFILOS,1700,2210,2832,8,Laboratorio
301063,RECUENTO DE EOSINÓFILOS,1580,2054,2632,8,Laboratorio
301064,RECUENTO DE ERITROCITOS,1220,1586,2033,8,Laboratorio
301065,RECUENTO DE LEUCOCITOS,1180,1534,1966,8,Laboratorio
301066,RECUENTO DE LINFOCITOS,2050,2665,3415,8,Laboratorio
301067,RECUENTO DE PLAQUETAS,2100,2730,3499,8,Laboratorio
301068,RECUENTO DE RETICULOCITOS,1620,2106,2699,8,Laboratorio
301069,RECUENTO DIFERENCIAL,3420,4446,5698,8,Laboratorio
301072,TIEMPO DE SANGRÍA (IVY),2420,3146,4032,8,Laboratorio
301082,TRANSFERRINA,8860,11518,14761,8,Laboratorio
301085,TIEMPO PARCIAL DE TROMBOPLASTINA (TTPA),3860,5018,6431,8,Laboratorio
301086,VELOCIDAD DE ERITROSEDIMENTACIÓN - VHS,900,1170,1499,8,Laboratorio
301089,"VON WILLEBRAND, FACTOR DE",16240,21112,27056,8,Laboratorio
301091,PROTEÍNA C,50290,65377,83783,8,Laboratorio
301092,PROTEÍNA S,59470,77311,99077,8,Laboratorio
301093,RESISTENCIA PROTEÍNA C,37460,48698,62408,8,Laboratorio
301094,DETECCION DE HEMOGLOBINURIA PAROXISTICA NOCTURNA,77250,100425,128699,8,Laboratorio
301095,DÍMERO D,19310,25103,32170,8,Laboratorio
301096,PROCALCITONINA,43940,57122,73204,8,Laboratorio
301101,"PRUEBAS DE COAGULACION O COAGULOGRAMA, Agregar códigos, (Incluye códigos, 0301067, 0301012, 0301059, 0301085, 0301024)",24943,24943,24943,8,Laboratorio
301104,T (9;22) BCR-ABL P190 y P210 CUANTITATIVO,339179,339179,339179,8,Laboratorio
301500,ANTICUERPOS ANTIPLAQUETARIOS,38991,38991,38991,8,Laboratorio
301502,METALOPROTEINASA DEL FACTOR VON WILLEBRAND (ACTIVIDAD),207416,207416,207416,8,Laboratorio
301503,MUTACIÓN 20210a GEN DE LA PROTROMBINA,79692,79692,79692,8,Laboratorio
301504,ACTIVIDAD ANTI FACTOR Xa,58660,58660,58660,8,Laboratorio
301505,ESTUDIO MÉDULA OSEA MIELOGRAMA,153179,153179,153179,8,Laboratorio
301506,ELECTROFORÉSIS DE HEMOGLOBINA,58108,58108,58108,8,Laboratorio
301507,RESISTENCIA GLOBULAR OSMÓTICA,30883,30883,30883,8,Laboratorio
301508,GLUCOSA 6 FOSFATO DESHIDROGENASA,61104,61104,61104,8,Laboratorio
301509,"TIROSINA HIDROXILASA ,DETECCIÓN POR (TR)-PCR CUALITATIVO",299576,299576,299576,8,Laboratorio
301510,"N-MYC ,DETECCIÓN POR (TR)-PCR CUALITATIVO",339179,339179,339179,8,Laboratorio
301511,"INHIBIDOR DE FACTORES DE COAGULACION (Anti VIII, IX, XI, VII, XII, X, II)",148938,148938,148938,8,Laboratorio
301512,"DETECCIÓN POR (TR)-PCR CUALITATIVO DE TRASLOCACIONES, MUTACIONES Y EXPRESIÓN DE GENES, EN ESTUDIO DE LEUCEMIAS, LINFOMAS Y TUMORES SÓLIDOS PEDIÁTRICOS",299703,299703,299703,8,Laboratorio
301513,MUTACIÓN FACTOR V LEIDEN,91934,91934,91934,8,Laboratorio
301515,FACTOR VON WILLEBRAND COFACTOR RISTOCETINA,73156,73156,73156,8,Laboratorio
301516,ESTUDIO SECRECIÓN PLAQUETARIA (incluye agregación plaquetaria),192009,192009,192009,8,Laboratorio
301518,PERFIL HEMATOLÓGICO,2424,2424,2424,8,Laboratorio
301519,ESTUDIO COMPLETO DE ENFERMEDAD VON WILLEBRAND,266951,266951,266951,8,Laboratorio
301521,MUTACIÓN C677T DE LA MTHFR (METILEN TETRAHIDROFOLATO REDUCTASA,193985,193985,193985,8,Laboratorio
301523,TIEMPO DE TROMBINA,47094,47094,47094,8,Laboratorio
301526,CÉLULAS DEL LUPUS,9142,9142,9142,8,Laboratorio
301528,ACTIVIDAD FACTOR XIII (LISIS DEL COÁGULO EN UREA),90978,90978,90978,8,Laboratorio
301530,FACTOR XIII,222271,222271,222271,8,Laboratorio
301531,FISH T (8;14)(q24;q34),520186,520186,520186,8,Laboratorio
301532,PDGFRA-F1P1L1,339179,339179,339179,8,Laboratorio
301533,"MUTACIÓN C46T DEL FACTOR XII, ESTUDIOGENÉTICO MOLECULAR",239511,239511,239511,8,Laboratorio
301534,HEMOGLOBINA FETAL EN ERITROCITOS,58480,58480,58480,8,Laboratorio
301535,ANTICUERPOS ANTIPLAQUETARIOS DEPENDIENTES DE HEPARINA (IgG),168485,168485,168485,8,Laboratorio
301536,UNIÓN DE FVW A COLÁGENO,93983,93983,93983,8,Laboratorio
301537,MULTIMEROS DEL FACTOR VON WILLEBRAND,197981,197981,197981,8,Laboratorio
301538,MAPEO PLAQUETARIO,389668,389668,389668,8,Laboratorio
301539,TROMBOELASTOGRAFÍA,389668,389668,389668,8,Laboratorio
301540,METAHEMOGLOBINA,5759,5759,5759,8,Laboratorio
301541,TTPK DILUIDO AL 50%,9767,9767,9767,8,Laboratorio
301542,ESTUDIO MOLECULAR in16 CBFB-MYH11,339179,339179,339179,8,Laboratorio
301543,ESTUDIO MOLECULAR MUTACIÓN ITD DEL GEN FLT3,339179,339179,339179,8,Laboratorio
301544,ESTUDIO MOLECULAR MUTACIONES GEN NPM1,339179,339179,339179,8,Laboratorio
301545,ESTUDIO MOLECULAR t(8:21) RUNX1-RUNX1T1 (AML1-ETO),339179,339179,339179,8,Laboratorio
301546,PCR TRASLOCACIÓN T (4;11),339179,339179,339179,8,Laboratorio
301547,PCR TRASLOCACION T (1;11),339179,339179,339179,8,Laboratorio
301548,PCR TRASLOCACION 11;22,339179,339179,339179,8,Laboratorio
301549,T(11;22) EWS-FLI1,339179,339179,339179,8,Laboratorio
301550,PCR TRASLOCACION T (12;21),339179,339179,339179,8,Laboratorio
301551,PCR PARA TRASLOCACION T (9:22) CUALITATIVA,339179,339179,339179,8,Laboratorio
301552,PCR T (15:17) CUALITATIVA,339179,339179,339179,8,Laboratorio
301553,PCR TRASLOCACION T (1;19),339179,339179,339179,8,Laboratorio
301554,MUTACIÓN GEN ABL1,339179,339179,339179,8,Laboratorio
301555,MUTACIONES GEN CALRETICULINA,339179,339179,339179,8,Laboratorio
301556,MUTACIONES GEN MPL,339179,339179,339179,8,Laboratorio
301557,PFA-200 TIEMPO DE CIERRE (OCLUSIÓN),66024,66024,66024,8,Laboratorio
302001,ACETONA CUALITATIVA,1500,1950,2499,8,Laboratorio
302004,ACIDO LÁCTICO,6580,8554,10962,8,Laboratorio
302005,ACIDO ÚRICO,2450,3185,4082,8,Laboratorio
302008,AMILASA,3860,5018,6431,8,Laboratorio
302009,AMINOACIDEMIA CUALITATIVA,10850,14105,18076,8,Laboratorio
302010,AMONIO,3980,5174,6631,8,Laboratorio
302011,BICARBONATO STANDARD,1170,1521,1949,8,Laboratorio
302012,BILIRRUBINA TOTAL,2500,3250,4165,8,Laboratorio
302013,BILIRRUBINA TOTAL Y CONJUGADA,2350,3055,3915,8,Laboratorio
302015,CALCIO,2240,2912,3732,8,Laboratorio
302017,CAROTENO,3570,4641,5948,8,Laboratorio
302018,"CAROTENO, PRUEBA DE SOBRECARGA",7730,10049,12878,8,Laboratorio
302019,CERULOPLASMINA,5950,7735,9913,8,Laboratorio
302020,COBRE,3310,4303,5514,8,Laboratorio
302021,COLINESTERASA,4800,6240,7997,8,Laboratorio
302023,CREATININA,2160,2808,3599,8,Laboratorio
302024,CLEARENCE DE CREATININA,4750,6175,7914,8,Laboratorio
302025,CREATINQUINASA CK MB MIOCÁRDICA,8560,11128,14261,8,Laboratorio
302026,CREATÍNQUINASA CK TOTAL,6130,7969,10213,8,Laboratorio
302027,TROPONINA I,18320,23816,30521,8,Laboratorio
302030,DESHIDROGENASA LÁCTICA TOTAL (LDH),3860,5018,6431,8,Laboratorio
302032,ELECTROLITO CLORO ( SANGRE ),2080,2704,3465,8,Laboratorio
302034,"PERFIL LIPÍDICO (INCLUYE: COLESTEROL TOTAL, HDL, LDL, VLDL Y TRIGLICERIDOS).",10030,13039,16710,8,Laboratorio
302035,"VANCOMICINA, NIVELES PLASMATICOS DE",10080,13104,16793,8,Laboratorio
302036,FENILALANINA,4180,5434,6964,8,Laboratorio
302039,ISOENZIMAS FOSFATASAS ALCALINAS,10210,13273,17010,8,Laboratorio
302040,FOSFATASAS ALCALINAS TOTALES,2060,2678,3432,8,Laboratorio
302042,FÓSFORO,2960,3848,4931,8,Laboratorio
302045,GAMMA GLUTAMILTRANSPEPTIDASA (GGT),3620,4706,6031,8,Laboratorio
302046,GASES Y EQUILIBRIO ACIDO BASE (pH),6320,8216,10529,8,Laboratorio
302047,GLUCOSA,2020,2626,3365,8,Laboratorio
302048,"CURVA DE TOLERANCIA DE GLUCOSA ORAL (PTGO), (DOS DETERMINACIONES; NO INCLUYE LA GLUCOSA QUE SE ADMINISTRA INCLUYE EL VALOR DE LAS DOS TOMAS DE MUESTRAS)",9380,12194,15627,8,Laboratorio
302053,LIPASA,4270,5551,7114,8,Laboratorio
302055,LITIO,4700,6110,7830,8,Laboratorio
302056,MAGNESIO,5140,6682,8563,8,Laboratorio
302057,NITROGENO UREICO (BUN) (AZOEMIA),2130,2769,3549,8,Laboratorio
302058,"OSMOLALIDAD PLASMA (Incluye códigos 030204701, 030205701, 030203203)",3330,4329,5548,8,Laboratorio
302061,ELECTROFORESIS DE PROTEÍNAS,10140,13182,16893,8,Laboratorio
302063,TRANSAMINASAS OXALACÉTICA (SGOT),2990,3887,4981,8,Laboratorio
302064,TRIGLICÉRIDOS,2850,3705,4748,8,Laboratorio
302067,COLESTEROL TOTAL,2190,2847,3649,8,Laboratorio
302068,COLESTEROL HDL,3250,4225,5415,8,Laboratorio
302070,APOLIPOPROTEÍNA A,11170,14521,18609,8,Laboratorio
302075,PERFIL BIOQUÍMICO,14080,18304,23457,8,Laboratorio
302076,"PERFIL HEPÁTICO (INCLUYE TIEMPO DE PROTROMBINA, BILIRRUBINA TOTAL Y CONJUGADA, FOSFATASAS ALCALINAS TOTALES, GGT, TRASAMINASAS GOT/AST Y GPT/ALT).",16500,21450,27489,8,Laboratorio
302077,VITAMINA B12 PPOR INMUNOENSAYO,12220,15886,20359,8,Laboratorio
302078,"25 OH VITAMINA D TOTAL POR INMUNOENSAYO (Quimioluminiscencia, Enzimoinmunoensayo, Radio inmunoensayo y otros)",27170,35321,45265,8,Laboratorio
302081,CALCIO IÓNICO (INCLUYE MEDICIÓN DE PH MÉTODO IÓN SELECTIVO),4020,5226,6697,8,Laboratorio
302082,FENILALANINA CUANTITATIVA (GSS),13820,17966,23024,8,Laboratorio
302083,CARBOXIHEMOGLOBINA,23370,30381,38934,8,Laboratorio
302084,PLOMO EN SANGRE,64800,84240,107957,8,Laboratorio
302085,PREALBUMINA,30630,39819,51030,8,Laboratorio
302086,HOMOCISTEINA,60620,78806,100993,8,Laboratorio
302095,"TIOPURINA METILTRANSFERASA, ACTIVIDAD ENZIMÁTICA",61340,79742,102192,8,Laboratorio
302097,"HORMONA TIROESTIMULANTE, NEONATAL EN GSS",22680,29484,37785,8,Laboratorio
302098,PERFIL DE AMINOÁCIDOS Y ACILCARNITINAS EN GSS,81150,105495,135196,8,Laboratorio
302099,PESQUISA NEONATAL AMPLIADA EN GSS,128900,167570,214747,8,Laboratorio
302100,PROTEÍNAS TOTALES,2370,3081,3948,8,Laboratorio
302101,ALBÚMINA,2370,3081,3948,8,Laboratorio
302109,"PERFIL BIOLÓGICO (Incluye códigos 0301045, 030902201, 0302075, 030202301, 0302034, 0302061, 0302026, 0302045, 030206302)",72745,72745,72745,8,Laboratorio
302110,"PERFIL MULTIANALITICO (Incluye códigos 0302075, 030202301, 0301045, 030902201, 0302064)",36669,36669,36669,8,Laboratorio
302111,"PERFIL CARDIACO (Incluye códigos0302075, 0302064, 0302068, 0302026, 0302025)",46308,46308,46308,8,Laboratorio
302112,"PERFIL MARCIAL (Incluye códigos 0301026, 0301030,)",24447,24447,24447,8,Laboratorio
302113,"PERFIL INMUNOLÓGICO (Incluye códigos 030500502, 030501202, 030501203, 0302026, 030502001)",56081,56081,56081,8,Laboratorio
302114,"PERFIL HORMONAL (0303015, 0303016, 0303019, 0303030)",46640,46640,46640,8,Laboratorio
302115,"PERFIL RENAL (Incluye códigos 030202301, 030205701)",7040,7040,7040,8,Laboratorio
302116,"PERFIL CARDIACO URGENCIA (Incluye códigos 030202701, 0302025, 0302026, 0302108)",66613,66613,66613,8,Laboratorio
302117,"AMIKACINA, NIVELES DE",21916,21916,21916,8,Laboratorio
302119,LIPOPROTEINA A,123531,123531,123531,8,Laboratorio
302121,CUANTIFICACIÓN DE AMINOÁCIDOS,40350,67223,67223,8,Laboratorio
302122,PERFIL METABÓLICO NEONATAL (IVX),269013,269013,269013,8,Laboratorio
302123,"GENTAMICINA, NIVELES DE",54571,54571,54571,8,Laboratorio
302124,ÁCIDO PIRÚVICO (PIRUVATO),108343,108343,108343,8,Laboratorio
302125,NIVELES DE CARNITINA,174700,174700,174700,8,Laboratorio
302126,NIVELES DE TRACOLIMUS,108610,108610,108610,8,Laboratorio
302127,NIVELES DE CICLOSPORINA,91143,91143,91143,8,Laboratorio
302128,NIVELES DE LAMOTRIGINA,83260,83260,83260,8,Laboratorio
302129,ALCOHOL EN SANGRE,15774,15774,15774,8,Laboratorio
302131,TRIPTASA,63936,63936,63936,8,Laboratorio
302133,"ESTUDIO DE INTOXICACIÓN DROGA (Marihuana, Cocaína, Banzodiazepinas, Opiaceos, Anfetaminas)",61675,61675,61675,8,Laboratorio
302135,"PERFIL CRÍTICO (Ph, Po2, Hb, Hto, StO2, Na+, K+,Ca iónico)",22314,22314,22314,8,Laboratorio
302136,NIVELES DE METOTREXATO,106048,106048,106048,8,Laboratorio
302137,PANEL DROGAS DE ABUSO,270683,270683,270683,8,Laboratorio
302138,NIVELES DE LEVETIRACETAM,116410,116410,116410,8,Laboratorio
302139,ÁCIDOS GRASOS DE CADENA MUY LARGA,476701,476701,476701,8,Laboratorio
302140,SCREENING LISOSOMAL,503615,503615,503615,8,Laboratorio
302141,NIVELES DE VORICONAZOL,78520,78520,78520,8,Laboratorio
302142,NIVELES DE OX-CARBAZEPINA,83260,83260,83260,8,Laboratorio
302143,FENCICLIDINA SCREENING,10532,10532,10532,8,Laboratorio
302144,DETERMINACIÓN DE ADENOSINDEAMINASA EN SANGRE U OTRO FLUIDOS BIOLOGICOS.,55614,55614,55614,8,Laboratorio
302163,VITAMINA D3 (COLECALCIFEROL),47341,47341,47341,8,Laboratorio
302164,"CTx SÉRICO, B-CROSSLAPS, CARBOXI TELOPÉPTIDO",121822,121822,121822,8,Laboratorio
302165,NIVELES PLASMÁTICOS DE ADAMIMULAB,141546,141546,141546,8,Laboratorio
302168,INDICE IGG / ALBUMINA EN LCR (SINTESIS INTRATECAL DE IGG),128915,128915,128915,8,Laboratorio
302169,TROPONINA ULTRASENSIBLE (URGENCIA),54248,54248,54248,8,Laboratorio
302170,VITAMINA B6,52856,52856,52856,8,Laboratorio
302171,PERFIL CRÍTICO NEONATOLOGÍA,18539,18539,18539,8,Laboratorio
302172,PERFIL CRÍTICO URGENCIA,18539,18539,18539,8,Laboratorio
302173,"CLOBAZAN, NIVELES PLASMÁTICOS",78837,78837,78837,8,Laboratorio
302174,"ÁCIDO MICOFENOLICO, NIVELES PLASMÁTICOS",55298,55298,55298,8,Laboratorio
302601,NIVELES PLASMÁTICOS ANTICUERPOS ANTI INFLIXIMAB,201612,201612,201612,8,Laboratorio
302602,Ratio SLFT1 / PLGF,225204,225204,225204,8,Laboratorio
302605,fBHCG,158845,158845,158845,8,Laboratorio
302606,"MSUD, DETERMINACIÓN DE BCAA (ENF. ORINA OLOR A JARABE DE ARCE)",17208,17208,17208,8,Laboratorio
302607,"PERFIL PERINATAL, SCREENING (FENILALANINA, TSH NEONATAL, MSUD)",42136,42136,42136,8,Laboratorio
302608,ÁCIDOS BILIARES TOTALES,63947,63947,63947,8,Laboratorio
302611,"VITAMINA A, DETERMINACIÓN",61765,61765,61765,8,Laboratorio
302612,"VITAMINA C, DETERMINACIÓN",86550,86550,86550,8,Laboratorio
302613,"VITAMINA E, DETERMINACIÓN",61765,61765,61765,8,Laboratorio
302614,MERCURIO EN SANGRE,77927,77927,77927,8,Laboratorio
302616,TRIPSINA INMUNOREACTIVA NEONATAL (FIBROSIS QUÍSTICA),87037,87037,87037,8,Laboratorio
302617,PROTEÍNA 14-3-3 EN LCR,304116,304116,304116,8,Laboratorio
302618,NIVELES PLASMÁTICOS EVEROLIMUS,97531,97531,97531,8,Laboratorio
302624,BETA 2 TRANSFERRINA,289941,289941,289941,8,Laboratorio
302626,"ZINC, SUERO",18654,18654,18654,8,Laboratorio
302627,COBALTO EN SANGRE,67019,67019,67019,8,Laboratorio
302628,CROMO EN SANGRE,67019,67019,67019,8,Laboratorio
302629,SELENIO EN SANGRE,67019,67019,67019,8,Laboratorio
302630,BIOMARCADORES ENFERMEDAD DE ALZHEIMER,375807,375807,375807,8,Laboratorio
302631,"RAPAMICINA, NIVELES",62435,62435,62435,8,Laboratorio
302633,ALUMINIO EN SANGRE,65662,65662,65662,8,Laboratorio
302634,CISTATINA C,43694,43694,43694,8,Laboratorio
302635,MDMA (EXTÁSIS) SCREENING,10532,10532,10532,8,Laboratorio
302636,TEST CONFIRMATORIO ANFETAMINAS,72751,72751,72751,8,Laboratorio
302637,TEST CONFIRMATORIO BENZODIAZEPINAS,72751,72751,72751,8,Laboratorio
302638,TEST CONFIRMATORIO COCAÍNA,72751,72751,72751,8,Laboratorio
302639,TEST CONFIRMATORIO MARIHUANA,72751,72751,72751,8,Laboratorio
302640,TEST CONFIRMATORIO MDMA (EXTÁSIS),72751,72751,72751,8,Laboratorio
302641,TEST CONFIRMATORIO OPIÁCEOS,72751,72751,72751,8,Laboratorio
302642,PLGF (FACTOR DE CRECIMIENTO PLACENTARIO),95227,95227,95227,8,Laboratorio
302643,"TOPIRAMATO, NIVELES",66092,66092,66092,8,Laboratorio
302650,INHIBINA B,108599,108599,108599,8,Laboratorio
303001,ADENOCORTICOTROFINA (ACTH),13840,17992,23057,8,Laboratorio
303002,ALDOSTERONA,11410,14833,19009,8,Laboratorio
303003,ANDROSTENEDIONA,9010,11713,15011,8,Laboratorio
303006,CORTISOL,9010,11713,15011,8,Laboratorio
303007,HORMONA DECRECIMIENTO (HGH) (SOMATOTROFINA).,11410,14833,19009,8,Laboratorio
303008,"DEHIDROEPIANDROSTERONA SULFATO (DHA, DHEA)",11250,14625,18743,8,Laboratorio
303012,GASTRINA,12100,15730,20159,8,Laboratorio
303014,"GONADOTROFINA CORIÓNICA, FRACCIÓN BETA",8670,11271,14444,8,Laboratorio
303015,HORMONA FOLÍCULO ESTIMULANTE (FSH),8860,11518,14761,8,Laboratorio
303016,HORMONA LUTEINIZANTE (LH).,8880,11544,14794,8,Laboratorio
303017,INSULINA,8260,10738,13761,8,Laboratorio
303018,"PARATHORMONA, HORMONA PARATIROIDEA O PTH.",13520,17576,22524,8,Laboratorio
303019,PROGESTERONA,8400,10920,13994,8,Laboratorio
303020,PROLACTINA,8860,11518,14761,8,Laboratorio
303021,RENINA,14340,18642,23890,8,Laboratorio
303022,TESTOSTERONA,9220,11986,15361,8,Laboratorio
303023,TESTOSTERONA LIBRE EN SANGRE,10530,13689,17543,8,Laboratorio
303024,TIROESTIMULANTE (TSH),7300,9490,12162,8,Laboratorio
303025,TIROGLOBULINA.,11410,14833,19009,8,Laboratorio
303026,TIROXINA LIBRE (T4L),8400,10920,13994,8,Laboratorio
303027,TIROXINA O TETRAYODOTIRONINA (T4).,7300,9490,12162,8,Laboratorio
303028,TRIYODOTIRONINA (T3),7580,9854,12628,8,Laboratorio
303029,17 HIDROXIPROGESTERONA,11410,14833,19009,8,Laboratorio
303030,ESTRADIOL (17 BETA).,8700,11310,14494,8,Laboratorio
303031,"INSULINA, CURVA DE 3 MUESTRAS",22260,28938,37085,8,Laboratorio
303035,CORTISOL LIBRE EN ORINA,9140,11882,15227,8,Laboratorio
303046,SHBG (SEX HORMONE BINDING GLOBULIN).,20430,26559,34036,8,Laboratorio
303047,IGF1 O SOMATOMEDINA C (INSULINE LIKE GROWTH FACTOR 1).,22020,28626,36685,8,Laboratorio
303048,IGFBP 1 (INSULINE LIKE GROWTH FACTOR BINDING PROTEIN),21680,28184,36119,8,Laboratorio
303049,"CATECOLAMINAS EN SANGRE (INCLUYE MEDICIÓN DE ADRENALINA, NORADRENALINA Y DOPAMINA)",56140,72982,93529,8,Laboratorio
303050,METANEFRINAS URINARIAS (INCLUYE METANEFRINA Y NORMETANEFRINA),68340,88842,113854,8,Laboratorio
303051,"CATECOLAMINAS URINARIAS (INCLUYE MEDICIÓN DE ADRENALINA, NORADRENALINA Y DOPAMINA)",58750,76375,97878,8,Laboratorio
303052,PÉPTIDO C,45500,59150,75803,8,Laboratorio
303053,CALCITONINA,46160,60008,76903,8,Laboratorio
303055,PRO-BNP,53840,69992,89697,8,Laboratorio
303056,CORTISOL EN SALIVA,49220,63986,82001,8,Laboratorio
303057,T3 LIBRE,21310,27703,35502,8,Laboratorio
303123,ÍNDICE ANDROGÉNICO (IAL) (Incluir códigos 030302201 y 0303046),20860,27118,34753,8,Laboratorio
303503,"PERFIL TIROIDEO (Incluye códigos 0303028, 0303027, 030302401, 0303026)",31757,31757,31757,8,Laboratorio
303504,ACTIVIDAD RENINA PLASMÁTICA,109481,109481,109481,8,Laboratorio
303505,ENZIMA CONVERTIDORA DE ANGIOTENSINA,142231,142231,142231,8,Laboratorio
303507,11 DESOXICORTICOESTERONA (DESOXICORTISOL) POR TANDEM/MASAS,93153,93153,93153,8,Laboratorio
303512,DIHIDROTESTOSTERONA,46836,46836,46836,8,Laboratorio
303513,17 CETOESTEROIDES EN ORINA,9778,9778,9778,8,Laboratorio
303515,BETA HCG URGENCIA,21340,21340,21340,8,Laboratorio
303516,17 OH CORTICOESTEROIDES EN ORINA 24 HORAS,9716,9716,9716,8,Laboratorio
303517,ACIDO VAINILLILMANDÉLICO EN ORINA,19979,19979,19979,8,Laboratorio
303520,SEROTONINA,141598,141598,141598,8,Laboratorio
303522,ERITROPOYETINA,147497,147497,147497,8,Laboratorio
303524,"17 ALFA OH PROGESTERONA, TANDEM MASAS",59568,59568,59568,8,Laboratorio
303525,HORMONA DEL CRECIMIENTO (GH) POST CARGA DE GLUCOSA,26070,26070,26070,8,Laboratorio
304016,CARIOTIPO MOLECULAR (HIBRIDACIÓN GENÓMICA COMPARATIVA EN MICROMATRICES) 60K,819920,1065896,1365987,8,Laboratorio
304501,CARIOGRAMA EN SANGRE,391227,391227,391227,8,Laboratorio
304502,CARIOGRAMA TECNICA ESPECIAL,456433,456433,456433,8,Laboratorio
304503,CARIOGRAMA SANGRE DE CORDÓN,456433,456433,456433,8,Laboratorio
304504,CARIOGRAMA EN MÉDULA OSEA,456433,456433,456433,8,Laboratorio
304505,CARIOGRAMA EN LÍQUIDO AMNIÓTICO,391227,391227,391227,8,Laboratorio
304506,CARIOGRAMA RESTOS DE ABORTO,456433,456433,456433,8,Laboratorio
304514,TEST DE METILACIÓN,279133,279133,279133,8,Laboratorio
304516,PCR MUTACIÓN JAK2,362363,362363,362363,8,Laboratorio
304518,DISOMÍA UNIPARENTAL (MARCADORES MICROSATELITALES),256914,256914,256914,8,Laboratorio
304519,GENOTIFICACIÓN VIH,645644,645644,645644,8,Laboratorio
304524,ESTUDIO DE MUTACIONES FIBROSIS QUÍSTICA,458306,458306,458306,8,Laboratorio
304526,DIAGNÓSTICO GENÉTICO-MOLECULAR DE ACONDROPLASIA E HIPOCONDROPLASIA,324866,324866,324866,8,Laboratorio
304532,ESTUDIO GENÉTICO MOLECULAR GEN PTPN11 (SINDROME NOONAN),286489,286489,286489,8,Laboratorio
304542,ESTUDIO GENÉTICO SINDROME X-FRAGIL,393320,393320,393320,8,Laboratorio
304545,"LACTOGEN, TEST GENÉTICO INTOLERANCIA A LA LACTOSA POR PCR",85863,85863,85863,8,Laboratorio
304548,"ATROFIA MUSCULAR ESPINAL (SMA) GEN SMN1, DIAGNÓSTICO GENÉTICO MOLECULAR",217557,217557,217557,8,Laboratorio
304549,"DISTROFIA MIOTÓNICA TIPO I, ESTUDIO GENÉTICO MOLECULAR",206814,206814,206814,8,Laboratorio
304551,SCREENING PRENATAL,1063558,1063558,1063558,8,Laboratorio
304554,"MALABSORCIÓN DE LACTOSA, ESTUDIO GENÉTICO-MOLECULAR",197996,197996,197996,8,Laboratorio
304555,DETERMINACIÓN CD20+ (TERAPIA CON ACMO ANTI CD20),151270,151270,151270,8,Laboratorio
304556,"SINDROME CHARCOT MARIE TOOTH, DGCO GENETICO MOLECULAR",217557,217557,217557,8,Laboratorio
304557,SINDROME BECKWITH/SILVER RUSELL-MPLA,278253,278253,278253,8,Laboratorio
304562,SINDROME MICRO DELECIÓN/DUPLICAIÓN POR MPLA,186977,186977,186977,8,Laboratorio
304564,HIPERPLASIA SUPRARRENAL CONGÉNITA POR DÉFICIT DE 21 HIDROXILASA (GEN CYP21A2),410454,410454,410454,8,Laboratorio
304565,"ANEUPLOIDIA, PCR FLUORESCENTE DE LOS CROMOSOMAS 13, 18, 21, X e Y",360543,360543,360543,8,Laboratorio
304566,"SINDROME PRADER-WILLI Y ANGELMAN, ESTUDIO GENÉTICO MOLECULAR",256914,256914,256914,8,Laboratorio
304567,TEST DE PATERNIDAD,748182,748182,748182,8,Laboratorio
304570,HEMOCROMATOSIS GEN,263459,263459,263459,8,Laboratorio
304571,FISH T(4;14),545924,545924,545924,8,Laboratorio
304572,FISH DELECIÓN p53 (17p13.1) y 11 Q22,545924,545924,545924,8,Laboratorio
304574,"SINDROME DE GILBERT, ESTUDIO GENÉTICO MOLECULAR",145576,145576,145576,8,Laboratorio
304575,"SINDROME DE MELAS Y DE MERRF, ESTUDIO GENÉTICO-MOLECULAR",183272,183272,183272,8,Laboratorio
304577,ESTUDIO GENÉTICO DEL GEN BRCA 1/2,525594,525594,525594,8,Laboratorio
304602,"Secuenciación masiva y cribado bioinformático de CNVs, panel de 30 genes",647275,647275,647275,8,Laboratorio
304603,"Secuenciación masiva y cribado bioinformático de CNVs, panel de 38 genes",802395,802395,802395,8,Laboratorio
304655,"CROMOSOMA Y, ESTUDIO SECUENCIAS ESPECÍFICAS",246119,246119,246119,8,Laboratorio
304656,Secuenciación exómica NGS + CNVs con grupo ASCIRES y Sistemas Genómicos,1044621,1044621,1044621,8,Laboratorio
304658,FISH 1 p32/q21,636093,636093,636093,8,Laboratorio
305001,ALFA 1 ANTITRIPSINA CUANTITATIVA,8660,11258,14428,8,Laboratorio
305003,ALFA FETOPROTEÍNAS,8400,10920,13994,8,Laboratorio
305004,ANTICUERPOS ENA (complejo de antigenos) - TAMIZAJE DE ANTICUERPOS ANTI ANTIGENOS NUCLEARES,17380,22594,28955,8,Laboratorio
305005,ANTICUERPOS ANTI-MITOCONDRIALES (AMA),12220,15886,20359,8,Laboratorio
305007,ANTICUERPOS ANTI-MICROSOMALES - TPO,9760,12688,16260,8,Laboratorio
305008,ANTIESTREPTOLISINA O,7550,9815,12578,8,Laboratorio
305009,ANTÍGENO CARCINOEMBRIONARIO (CEA).,11410,14833,19009,8,Laboratorio
305010,BETA 2 MICROGLOBULINA,12980,16874,21625,8,Laboratorio
305012,COMPLEMENTO C1q,7550,9815,12578,8,Laboratorio
305014,CRIOGLOBULINAS,2060,2678,3432,8,Laboratorio
305020,FACTOR REUMATOIDEO CUANTITATIVO,7420,9646,12362,8,Laboratorio
305021,INHIBIDOR DE C1,9470,12311,15777,8,Laboratorio
305026,INMUNOGLOBULINA IGA SECRETORA.,7090,9217,11812,8,Laboratorio
305027,INMUNOGLOBULINAS IgA,8300,10790,13828,8,Laboratorio
305028,INMUNOGLOBULINAS IgE TOTAL,8660,11258,14428,8,Laboratorio
305029,"INMUNOGLOBULINAS IgE, ESPECIFICAS, c/u",8510,11063,14178,8,Laboratorio
305031,PROTEINA C REACTIVA CUANTITATIVA,9810,12753,16343,8,Laboratorio
305035,CRIOAGLUTININAS,4290,5577,7147,8,Laboratorio
305070,ANTÍGENO PROSTÁTICO ESPECÍFICO,14690,19097,24474,8,Laboratorio
305081,ANTICUERPO ANTIENDOMISIO Ig A (EMA),18300,23790,30488,8,Laboratorio
305082,ANTICUERPOS ANTI-CITOPLASMA DE NEUTRÓFILOS (ANCA P),26180,34034,43616,8,Laboratorio
305084,ANTICUERPOS IgM ANTICARDIOLIPINAS,20800,27040,34653,8,Laboratorio
305085,ANTICUERPOS ANTI-LKM-1,37170,48321,61925,8,Laboratorio
305086,ANTICUERPOS IgA ANTIGLIADINA,17070,22191,28439,8,Laboratorio
305089,"LINFOCITOS B TOTALES (CD19), TÉCNICA CITOMETRÍA DE FLUJO",73760,95888,122884,8,Laboratorio
305091,LINFOCITOS T CD3,47060,61178,78402,8,Laboratorio
305092,LINFOCITOS NATURAL KILLERS CD16/CD56,45820,59566,76336,8,Laboratorio
305093,"ESTUDIO DE INMUNOFENOTIPO, LEUCEMIAS",343860,447018,572871,8,Laboratorio
305094,"SINDROME LINFOPROLIFERATIVO, INMUNOFENOTIPO / MIELOMA MÚLTIPLE",293070,380991,488255,8,Laboratorio
305095,"SINDROME MIELODISPLÁSTICO/MIELOPROLIFERATIVO, INMUNOFENOTIPO",298410,387933,497151,8,Laboratorio
305096,"ENFERMEDAD MÍNIMA RESIDUAL (EMR), INMUNOFENOTIPO",189510,246363,315724,8,Laboratorio
305097,CUANTIFICACIÓN DE CÉLULAS PROGENITORAS HEMATOPOYÉTICAS CD 34,81240,105612,135346,8,Laboratorio
305098,CROMOGRANINA A,49300,64090,82134,8,Laboratorio
305099,"PEPTIDO CITRULINADO, ANTICUERPOS IgG",38150,49595,63558,8,Laboratorio
305100,ANTÍGENO PROSTÁTICO ESPECÍFICO LIBRE,6613,6613,6613,8,Laboratorio
305104,ANTIGENO PROSTATICO TOTAL Y LIBRE,24260,31538,40417,8,Laboratorio
305105,"ANTICUERPOS ANTI B2 GLICOPROTEINA 1, IgM e IgG C/U",40400,52520,67306,8,Laboratorio
305106,"ESTUDIO INMUNOLÓGICO DE DIABETES (DETERMINACIÓN DE ANTICUERPOS ANTI CÉLULAS DE ISLOTES (ICA), AUTO ANTICUERPO INSULINA NATIVA (IAA), ANTI ANTÍGENO DE INSULINOMA-2 (IA2) Y ANTI GLUTAMATO DESCARBOXILASA (GADA)",107720,140036,179462,8,Laboratorio
305107,ANTICUERPOS ANTI-MPO (MIELOPEROXIDASA),39760,51688,66240,8,Laboratorio
305108,ANTICUERPOS ENA (complejo de antigenos) - TAMIZAJE DE ANTICUERPOS ANTI ANTIGENOS NUCLEARES C/U,22820,29666,38018,8,Laboratorio
305116,TIPIFICACIÓN HLA A y B (CLASE I),174330,226629,290434,8,Laboratorio
305118,HLA-B27 TIPIFICACIÓN (BIOLOGÍA MOLECULAR),91530,118989,152489,8,Laboratorio
305122,TIPIFICACIÓN HLA-DR (CLASE II),114510,148863,190774,8,Laboratorio
305124,"RECEPTOR DE TIROTROPINA (TRAb), ANTICUERPOS ANTI",34680,45084,57777,8,Laboratorio
305170,ANTIGENO CA 125,15220,19786,25357,8,Laboratorio
305181,ANTICUERPOS ANTITRANSGLUTAMINASA tisular (IgA /IgG) (c/u),19570,25441,32604,8,Laboratorio
305183,ANTICUERPOS ANTI CÉLULAS PARIETALES,18461,18461,18461,8,Laboratorio
305503,"SUBPOBLACIONES LINFOCITARIAS (MARCADORES CELULARES: CD4, CD8)",99109,99109,99109,8,Laboratorio
305504,"SUBCLASES IgG (1, 2, 3, 4)",262947,262947,262947,8,Laboratorio
305507,"ANTICUERPOS ANTITIROIDEOS (Incluye códigos 030500701, 030500702)",26518,26518,26518,8,Laboratorio
305508,"ANTICUERPOS AUTOINMUNES (Incluye códigos 030500502, 030500504, 030500401, 030500404, 030500405, 030500407, 030500403,030500501, 030500505)",157494,157494,157494,8,Laboratorio
305509,PANEL IgE ESPECÍFICAS (22 alérgenos),51961,51961,51961,8,Laboratorio
305510,PROTEÍNA C REACTIVA CUANTITATIVA ULTRASENSIBLE,10612,10612,10612,8,Laboratorio
305511,ANTICUERPOS ANTI PR3,17380,17380,17380,8,Laboratorio
305513,TIPIFICACIÓN HLA-B5701,160184,160184,160184,8,Laboratorio
305519,AC. ANTI MEMBRANA BASAL GLOMERULAR (por ELISA),144199,144199,144199,8,Laboratorio
305520,AC. ANTIRECEPTORES DE ACETILCOLINA,138573,138573,138573,8,Laboratorio
305521,AC. ANTI ACUAPORINA 4 (NMO) y ANTI-MOG,222928,222928,222928,8,Laboratorio
305524,"PANEL MIOSITIS (Mi-2, Ku, PM-Scl100, PM-Scl75, Jo-1, SRP, PL-7, PL-12, EJ, OJ, Ro-52)",130737,130737,130737,8,Laboratorio
305528,ANTICUERPOS IGG HELICOBACTER PYLORI,66608,66608,66608,8,Laboratorio
305529,CH 50 (COMPLEMENTO HEMOLITICO),83634,83634,83634,8,Laboratorio
305533,"ASCA IgA, ASCA IgG",68362,68362,68362,8,Laboratorio
305534,ANTICUERPOS ANTI RECEPTOR FOSFOLIPASA A2,66438,66438,66438,8,Laboratorio
305537,"DEFICIENCIA ADHESIÓN LEUCOCITARIA (LAD) CD15, CD18",151457,151457,151457,8,Laboratorio
305538,ANTICUERPOS ANTI-CELULAS PARIETALES Y ANTI-FACTOR INTRINSECO por ELISA,148314,148314,148314,8,Laboratorio
305539,PANEL ENCEFALITIS AUTOINMUNES EN LCR,404231,404231,404231,8,Laboratorio
305540,ESTUDIO CREUTZFELDT JACOB,145816,145816,145816,8,Laboratorio
305543,TEST ISAC (MICROARRAY DE IGE ESPECÍFICAS),489465,489465,489465,8,Laboratorio
305546,INHIBIDOR C1 FUNCIONAL,119121,119121,119121,8,Laboratorio
305548,AC ANTI DNA GENÓMICO DOBLE CADENA CUANTITATIVO (ELISA),66577,66577,66577,8,Laboratorio
305549,ANTICUERPOS ANTIMITOCONDRIALES M2 (AMA-M2),89896,89896,89896,8,Laboratorio
305550,PANEL IgE ESPECÍFICAS 36 ALERGENOS,108683,108683,108683,8,Laboratorio
305551,"AQUAPORINA-4, IGG CUALITATIVA",176377,176377,176377,8,Laboratorio
305552,LINFOCITOS B DE MEMORIA (CD27+),166421,166421,166421,8,Laboratorio
305553,"PARANEOPLÁSICOS, ANTICUERPOS ANTI NEURONALES (12 Ag)",341620,341620,341620,8,Laboratorio
305554,INMUNOFIJACIÓN CADENAS LIVIANAS KAPPA Y LAMBDA CUANTITATIVO >>> CRS VITACURA,146813,146813,146813,8,Laboratorio
305556,ANTICUERPOS ANTI HMGCR,153052,153052,153052,8,Laboratorio
305557,INTERLEUKINA HUMANA 6 (IL-6),45370,45370,45370,8,Laboratorio
305558,TIPIFICACIÓN HLA-DQ2 Y HLA-DQ8,151425,151425,151425,8,Laboratorio
305559,INMUNOGLOBULINA D,87407,87407,87407,8,Laboratorio
305564,ESTALLIDO RESPIRATORIO (TEST ESTIMULACIÓN DIHIDRORODAMINA),177201,177201,177201,8,Laboratorio
305565,ANA PROFILE 23 AUTOANTICUERPOS IGG,89564,89564,89564,8,Laboratorio
305566,PANEL ENFERMEDADES HEPATICAS AUTOINMUNES,132637,132637,132637,8,Laboratorio
305567,ANTICUERPOS ANTI TROMBOSPONDINA,170987,170987,170987,8,Laboratorio
305568,"PANEL CHILE, IGE ESPECÍFICAS",110395,110395,110395,8,Laboratorio
305569,RECEPTOR SOLUBLE INTERLEUKINA-2 (sCD25),231749,231749,231749,8,Laboratorio
305571,PANEL ENCEFALITIS AUTOINMUNES EN SUERO Y LCR,707404,707404,707404,8,Laboratorio
305572,LINFOPROLIFERACIÓN DE LINFOCITOS T CON PHA,354867,354867,354867,8,Laboratorio
305573,EMIGRANTES TÍMICOS RECIENTES,191813,191813,191813,8,Laboratorio
305585,TEST INTOLERANCIA ALIMENTARIA,62550,62550,62550,8,Laboratorio
305586,TIPIFICACIÓN CÉLULAS MESENQUIMATOSAS (CMS),63189,63189,63189,8,Laboratorio
305587,ANTI TOXOIDE TETÁNICO IGG,233210,233210,233210,8,Laboratorio
305588,TIPIFICACIÓN MOLECULAR HLA B*51,128690,128690,128690,8,Laboratorio
306001,BACILOSCOPÍA ZIEHLNEELSEN POR CONCENTRACIÓN DE LÍQUIDOS,4260,5538,7097,8,Laboratorio
306002,BACILOSCOÍA ZIEHLNEELSEN,2780,3614,4631,8,Laboratorio
306004,EXAMEN DIRECTO AL FRESCO,2420,3146,4032,8,Laboratorio
306005,TINCIÓN DE GRAM.,1120,1456,1866,8,Laboratorio
306007,COPROCULTIVO,6700,8710,11162,8,Laboratorio
306008,CULTIVO CORRIENTE,5860,7618,9763,8,Laboratorio
306011,UROCULTIVO,5970,7761,9946,8,Laboratorio
306012,CULTIVO PARA ANAEROBIOS,14290,18577,23807,8,Laboratorio
306014,CULTIVO YERSINIA,8580,11154,14294,8,Laboratorio
306016,CULTIVO PARA NEISSERIA GONORRHOEAE,4780,6214,7963,8,Laboratorio
306017,CULTIVO PARA LEVADURAS,4340,5642,7230,8,Laboratorio
306018,CULTIVO PARA BACILO DE KOCH,7390,9607,12312,8,Laboratorio
306023,MYCOPLASMA HOMINIS,10180,13234,16960,8,Laboratorio
306026,ANTIBIOGRAMA CORRIENTE,4340,5642,7230,8,Laboratorio
306027,ANTIBIOGRAMA DE ESTUDIO DE SENSIBILIDAD POR DILUCIÓN (CIM),13060,16978,21758,8,Laboratorio
306028,ANTIFUNGIGRAMA,4370,5681,7280,8,Laboratorio
306034,CHLAMIDIA TRACHOMATIS Ig M,8750,11375,14578,8,Laboratorio
306036,MONONUCLEOSIS INFECCIOSA - REACCIÓN DE PAUL BUNNELL,3860,5018,6431,8,Laboratorio
306037,MYCOPLASMA PNEUMONIAE - ANTICUERPOS IgM,8420,10946,14028,8,Laboratorio
306038,R.P.R.,4350,5655,7247,8,Laboratorio
306039,REACCIONES DE AGLUTINACION (WIDAL),5730,7449,9546,8,Laboratorio
306041,ANTICUERPOS ANTI-TREPONEMA PALLIDUM (FTA - ABS),8030,10439,13378,8,Laboratorio
306042,V.D.R.L,4990,6487,8313,8,Laboratorio
306043,ARTRÓPODOS MACROSCOPICOS DIAGNOSTICO DE,5140,6682,8563,8,Laboratorio
306045,COPROPARASITARIO SERIADO CON TECNICA PARA CRYPTOSPORIDIUM SP,14320,18616,23857,8,Laboratorio
306046,COPROPARASITARIO SERIADO PARA FASCIOLA HEPATICA,32640,42432,54378,8,Laboratorio
306047,COPROPARASITARIO SERIADO PARA ISOSPORA,7540,9802,12562,8,Laboratorio
306048,COPROPARASITOLOGICO SERIADO SIMPLE (METODO TELEMANN),4800,6240,7997,8,Laboratorio
306049,"DIAG, DE PARASITOS DIRECTO EN DEPOSICIONES U OTROS",4580,5954,7630,8,Laboratorio
306050,"DIAGNÓSTICO PARASITARIO EN EXUDADOS, SECRECIONES Y OTROS LÍQUIDOS ORGÁNICOS",4820,6266,8030,8,Laboratorio
306051,"GRAHAM, EXAMEN DE",3390,4407,5648,8,Laboratorio
306052,"GUSANOS MACROSCÓPICOS, DIAGNÓSTICO DE",2830,3679,4715,8,Laboratorio
306053,"HEMOPARÁSITOS, DIAGNÓSTICO MICROSCÓPICO DE",16060,20878,26756,8,Laboratorio
306056,"RASPADO DE PIEL, EXAMEN MICROSCÓPICO DE (""ACAROTEST"")",6420,8346,10696,8,Laboratorio
306059,COPROPARASITOLÓGICO SERIADO SIMPLE (MÉTODO PAFS),6380,8294,10629,8,Laboratorio
306061,"CHAGAS, IgG, (ELISA)",9060,11778,15094,8,Laboratorio
306069,"ADENOVIRUS IgM, Ac VIRALES, DETERM DE",10060,13078,16760,8,Laboratorio
306070,"ADENOVIRUS, Ag VIRALES DETERM. DE, POR IF",9010,11713,15011,8,Laboratorio
306074,"VIRUS HEPATITIS A, ANTICUERPOS IGM DEL [Anti-HAV IgM]",12350,16055,20575,8,Laboratorio
306076,"VIRUS HEPATITIS B, ANTICORE TOTAL DEL. [Anti-HBc]",12370,16081,20608,8,Laboratorio
306078,"VIRUS HEPATITIS B, ANTÍGENO E [Hbe Ag]",11180,14534,18626,8,Laboratorio
306079,"VIRUS HEPATITIS B, ANTÍGENO DE SUPERFICIE O ANTÍGENO AUSTRALIANO. [HBsAg]",8830,11479,14711,8,Laboratorio
306080,"VIRUS HEPATITIS B, ANTICORE IGM [Anti-HBc IgM]",12300,15990,20492,8,Laboratorio
306081,"VIRUS HEPATITIS C, ANTICUERPOS DE. [Anti-HCV]",13490,17537,22474,8,Laboratorio
306082,CORONAVIRUS COVID-19 POR PCR,25150,32695,41900,8,Laboratorio
306083,Citomegalovirus (CMV) shell vial aislamiento rápido,74900,97370,124783,8,Laboratorio
306084,HEPATITIS B CARGA VIRAL,114200,148460,190257,8,Laboratorio
306085,CARGA VIRAL HEPATITIS C,127070,165191,211699,8,Laboratorio
306086,VIH CARGA VIRAL,67530,87789,112505,8,Laboratorio
306087,"CARGA VIRAL, EPSTEIN BARR",158450,205985,263978,8,Laboratorio
306088,POLIOMA (BK) VIRUS CARGA VIRAL,98160,127608,163535,8,Laboratorio
306090,TEST RÁPIDO DE STREPTOCOCCUS GRUPO A,9810,12753,16343,8,Laboratorio
306091,HEMOCULTIVO AERÓBICO AUTOMATIZADO CON ANTIBIOGRAMA,28500,37050,47481,8,Laboratorio
306093,HEMOCULTIVO AUTOMATIZADO PARA MICOBACTERIAS. 1 FRASCO,30050,39065,50063,8,Laboratorio
306094,ANTÍGENO GALACTOMANANO,43180,56134,71938,8,Laboratorio
306095,PARÁSITOS: DETERMINACIÓN POR REACCIÓN DE POLIMERASA EN CADENA (PCR),65660,85358,109390,8,Laboratorio
306096,PARÁSITOS TEST RÁPIDO ANTICUERPOS (CHAGAS Y OTROS),17250,22425,28739,8,Laboratorio
306097,PCR PARA CHLAMYDIA TRACHOMATIS Y NEISSERIA GONHORREAE,42710,55523,71155,8,Laboratorio
306098,TOXINA CLOSTRIDIUM DIFFICILE,19520,25376,32520,8,Laboratorio
306099,STREPTOCOCCUS GRUPO B/AGALACTIAE EN EMBARAZADA,15540,20202,25890,8,Laboratorio
306100,CULTIVO ACELERADO MICOBACTERIAS,26180,34034,43616,8,Laboratorio
306101,CULTIVO DE LÍQUIDO DE CAVIDADES ESTÉRILES EN FRASCO DE HEMOCULTIVO AUTOMATIZADO. INCLUYE ATB. 1 FRASCO,21770,28301,36269,8,Laboratorio
306107,"PNEUMOCISTIS JIROVECII, PCR",84930,110409,141493,8,Laboratorio
306111,HTLV I y II DETERMINACIÓN DE ANTICUERPOS VIRALES,77540,100802,129182,8,Laboratorio
306112,VIH ANTICUERPOS Y ANTÍGENOS VIRALES,7300,9490,12162,8,Laboratorio
306117,BORDETELLA PERTUSSIS IGG,4910,6383,8180,8,Laboratorio
306118,"BORDETELLA PERTUSSIS, PCR-RT",64090,83317,106774,8,Laboratorio
306119,QUANTIFERON-TB GOLD,102400,133120,170598,8,Laboratorio
306122,PANEL VIRUS RESPIRATORIO MOLECULAR (15 A 17 VIRUS),86470,112411,144059,8,Laboratorio
306123,"VIRUS PAPILOMA HUMANO POR PCR-RT, GENOTIFICACIÓN ALTO RIESGO, TIPOS 16 Y 18 (SOLO MUESTRAS ENDOCERVICALES)",44240,57512,73704,8,Laboratorio
306124,ANTÍGENO URINARIO PNEUMOCOCO,42848,42848,42848,8,Laboratorio
306125,"MYCOPLASMA PNEUMONIAE IgM, TEST PACK",26003,26003,26003,8,Laboratorio
306126,BORDETELLA PERTUSSIS IgM,14766,14766,14766,8,Laboratorio
306169,ANTICUERPOS HIV,8720,11336,14528,8,Laboratorio
306170,ROTAVIRUS,8260,10738,13761,8,Laboratorio
306171,VIRUS HANTA IgM e IgG,179821,179821,179821,8,Laboratorio
306172,HISOPADO NASAL BUSQUEDA SAMR (Staphylococcus aureus),31576,31576,31576,8,Laboratorio
306173,VIGILANCIA 2 RECTAL,12303,12303,12303,8,Laboratorio
306174,VIGILANCIA 3 NASAL-RECTAL,24608,24608,24608,8,Laboratorio
306175,CONTROL AMBIENTAL,26814,26814,26814,8,Laboratorio
306176,TEST RÁPIDO HANTAVIRUS Ig M,70285,70285,70285,8,Laboratorio
306270,VIRUS SINCICIAL RESPIRATORIO IgM,9520,12376,15860,8,Laboratorio
306271,TEST RÁPIDO DETECCIÓN DE ANTÍGENOS SARS CoV-2,9540,12402,15894,8,Laboratorio
306500,"VIRUS HERPES TIPO 1 y 2, PCR",147917,147917,147917,8,Laboratorio
306501,"VIRUS HERPES TIPO 6, PCR",127977,127977,127977,8,Laboratorio
306502,"ENTEROVIRUS, PCR",99560,99560,99560,8,Laboratorio
306505,"MYCOBACTERIUM TUBERCULOSIS, PCR",109494,109494,109494,8,Laboratorio
306506,"HTLV I y II, PCR",175504,175504,175504,8,Laboratorio
306507,"VIRUS PAROTIDITIS IgM; AC. VIRALES, DETERM DE",63951,63951,63951,8,Laboratorio
306508,"VIRUS PAROTIDITIS IgG; AC. VIRALES, DETERM DE",63951,63951,63951,8,Laboratorio
306511,"VIRUS RESPIRATORIO SINCICIAL, TEST PACK",17176,17176,17176,8,Laboratorio
306512,"ADENOVIRUS, TEST PACK",14519,14519,14519,8,Laboratorio
306513,"VIRUS INFLUENZA A Y B, TEST PACK",20400,20400,20400,8,Laboratorio
306514,ADENOVIRUS POR PCR,126950,126950,126950,8,Laboratorio
306516,RECUENTO DIFERENCIAL DE CELULAS EN LAVADO BRONCOALVEOLAR,54833,54833,54833,8,Laboratorio
306518,"HEPATITIS E, IgG",87421,87421,87421,8,Laboratorio
306519,"HEPATITIS E, IgM",148363,148363,148363,8,Laboratorio
306520,"CRIPTOCOCCUS NEOFORMANS, DETECCION CUANTITATIVA DE ANTIGENO EN SANGRE",146657,146657,146657,8,Laboratorio
306521,"CRIPTOCOCCUS NEOFORMANS, DETECCION CUALITATIVA DE ANTIGENO EN SANGRE Y LIQUIDO CEFALORAQUIDEO",98177,98177,98177,8,Laboratorio
306522,"EPSTEIN BARR, POR PCR",94488,94488,94488,8,Laboratorio
306523,"CITOMEGALOVIRUS, POR PCR",130304,130304,130304,8,Laboratorio
306525,BORRELIA BURDOGFERI IgM e IgG,243118,243118,243118,8,Laboratorio
306526,"TINTA CHINA, OBSERVACION DIRECTA",11041,11041,11041,8,Laboratorio
306528,PCR PARA VIRUS JC,143093,143093,143093,8,Laboratorio
306531,"ENTHERPEX (V.Herpes simple 1 y2, V.Varicela Zoster, Epstein Barr, Virus Herpes 6,7 y 8, Enterovirus)",172020,172020,172020,8,Laboratorio
306533,PCR VARICELLA ZOSTER,75586,75586,75586,8,Laboratorio
306534,PCR TRYPANOSOMA CRUZZI (CHAGAS),197084,197084,197084,8,Laboratorio
306535,PCR HEPATITIS B,102558,102558,102558,8,Laboratorio
306536,PCR HEPATITIS C,123769,123769,123769,8,Laboratorio
306538,"CITOMEGALOVIRUS, CARGA VIRAL",130304,130304,130304,8,Laboratorio
306539,PCR PARA MYCOPLASMA PNEUMONIAE,67199,67199,67199,8,Laboratorio
306541,PCR PARA MYCOPLASMA HOMINIS,31637,31637,31637,8,Laboratorio
306542,PCR PARA UREAPLASMA UREALYTICUM,31637,31637,31637,8,Laboratorio
306543,PCR PARA TOXOPLASMA GONDII,75421,75421,75421,8,Laboratorio
306545,PCR PARA MYCOPLASMA GENITALUM,31637,31637,31637,8,Laboratorio
306546,PCR PARA NEISSERIA GONORRHOEAE,31637,31637,31637,8,Laboratorio
306547,"PANEL PCR PARA ETS (Incluye códigos: 0306097, 0306541, 0306542, 0306545, 0306546)",42601,42601,42601,8,Laboratorio
306573,"VIRUS HEPATITIS A, ANTICUERPOS TOTALES",18098,18098,18098,8,Laboratorio
306600,"PANEL RESPIRATORIO DIRECTO, POR IF (incluye Adenovirus, virus Influenza A, virus Influenza B, virus Parainfluenza 1, virus Parainfluenza 2, virus Parainfluenza 3, Virus respiratorio sincisial y metapneumovirus) c/u.",41885,41885,41885,8,Laboratorio
306601,DETERMINACIÓN DE IgM e IgG PARA LEPTOSPIRA,107469,107469,107469,8,Laboratorio
306602,"TORCH (030606903, 030606904, 030606107, 030606108, 030606918, 030606919, 030606920, 030606921, 030606905, 030606906)",117130,117130,117130,8,Laboratorio
306603,"MARCADORES VIRALES DE HEPATITIS (Incluye códigos 0306074, 0306077, 0306081, 0306080, 0306076)",73883,73883,73883,8,Laboratorio
306610,VIRUS INFLUENZA A H1N1 POR REACCIÓN POLIMERASA EN CADENA (PCR),105275,105275,105275,8,Laboratorio
306611,IgM BRUCELLA,34846,34846,34846,8,Laboratorio
306612,IgG BRUCELLA,34846,34846,34846,8,Laboratorio
306613,PANEL MOLECULAR RESPIRATORIO,152203,152203,152203,8,Laboratorio
306614,BARTONELLA HENSELAE SEROLOGIA IgM,72375,72375,72375,8,Laboratorio
306615,PCR CLOSTRIDIUM DIFFICILE,78481,78481,78481,8,Laboratorio
306618,PCR LISTERIA,148721,148721,148721,8,Laboratorio
306619,"PCR VIRUS PAPILOMA HUMANO (HPV) MUESTRAS URETRALES, CONJUNTIVAL, ORINA, LIQUIDO SEMINAL)",104710,104710,104710,8,Laboratorio
306620,PCR-RT CHLAMYDIA PNEUMONIAE,67199,67199,67199,8,Laboratorio
306623,VIGILANCIA A CARBAPENEMASAS,31326,31326,31326,8,Laboratorio
306624,TINCIÓN CALCOFLUOR,43196,43196,43196,8,Laboratorio
306626,"TREPONEMA PALLIDUM, ANTICUERPOS IGG/IGM (TAMIZAJE DONANTES)",9653,9653,9653,8,Laboratorio
306628,PCR PARVOVIRUS B19,147231,147231,147231,8,Laboratorio
306631,"PANEL PCR EMBARAZADA (Chlamydia trachomatis, Mycoplasma hominis, Neisseria gonorrhoeae, Ureaplasma urealyticum, Ureaplasma parvum, Streptococcus agalactiae)",42979,42979,42979,8,Laboratorio
306632,PCR PANEL RESPIRATORIO FILM ARRAY,169277,169277,169277,8,Laboratorio
306637,PCR STREPTOCOCCUS GRUPO B,31637,31637,31637,8,Laboratorio
306642,ANTICUERPOS ANTINEUMOCOCO (23 SEROTIPOS),414470,414470,414470,8,Laboratorio
306646,PCR TRICHOMONAS VAGINALIS,39183,39183,39183,8,Laboratorio
306648,PCR PANEL ENTÉRICO FILM ARRAY,200815,200815,200815,8,Laboratorio
306649,PCR UNIVERSAL (IDENTIFICACIÓN DE ESPECIE BACTERIANA POR SECUENCIACIÓN),212789,212789,212789,8,Laboratorio
306650,PCR PANEL MENINGITIS FILM ARRAY,235874,235874,235874,8,Laboratorio
306652,PCR PANEL SEPSIS FILM ARRAY,238679,238679,238679,8,Laboratorio
306657,PCR VIGILANCIA VRE,188032,188032,188032,8,Laboratorio
306661,PCR DETECCIÓN M. TUBERCULOSIS Y RESISTENCIA A RIFAMPICINA,208785,208785,208785,8,Laboratorio
306665,PANEL GASTROENTERITIS BACTERIANO/PARASITARIO/VIRAL,153563,153563,153563,8,Laboratorio
306666,"VIRUS HEPATITIS B, ANTI-ANTÍGENO E (Anti Hbe Ag)",131910,131910,131910,8,Laboratorio
306667,"PANEL VIRAL MENINGITIS (Virus herpes 1 y 2; Varicela Zoster, Enterovirus; Virus Parotiditis)",135683,135683,135683,8,Laboratorio
306668,PANEL TROPICAL,212208,212208,212208,8,Laboratorio
306669,"VIRUS ZIKA, ANTICUERPOS IGG E IGM",182027,182027,182027,8,Laboratorio
306671,PCR VIRUS DENGUE,164040,164040,164040,8,Laboratorio
306673,DETECCIÓN B-D-GLUCANO,237124,237124,237124,8,Laboratorio
306674,SEROLOGÍA COXIELLA BURNETTI (FIEBRE Q),186297,186297,186297,8,Laboratorio
306675,PCR COXIELLA BURNETTI (FIEBRE Q),154127,154127,154127,8,Laboratorio
306676,"PCR PANEL INFLUENZA A (INCLUYE H1N1, H3N2, H5 y H7)",95875,95875,95875,8,Laboratorio
306677,PCR VIRUS FIEBRE AMARILLA,141795,141795,141795,8,Laboratorio
306678,"SEROLOGÍA VIRUS FIEBRE AMARILLA IGM, IGG",145614,145614,145614,8,Laboratorio
306681,IDENTIF. DE ESPECIE DE HONGOS POR SECUENCIACIÓN PCR UNIVERSAL,216790,216790,216790,8,Laboratorio
306685,PANEL PCR EMBARAZADA AMPLIADO,132163,132163,132163,8,Laboratorio
306686,PANEL VIRAL BK8,70843,70843,70843,8,Laboratorio
306687,"PCR, PANEL INFLUENZA A y B",90693,90693,90693,8,Laboratorio
306688,PCR PANEL NEUMONIA FILM ARRAY,264668,264668,264668,8,Laboratorio
306689,ESTUDIO SUSCEPTIBILIDAD COLISTIN,50793,50793,50793,8,Laboratorio
306690,ESTUDIO SUSCEPTIBILIDAD CEFTOLOZANO TAZOBACTAM,14599,14599,14599,8,Laboratorio
306691,PANEL PCR RESPIRATORIO PLUS (INCLUYE CORONAVIRUS COVID-19),128594,128594,128594,8,Laboratorio
306692,PCR CORONAVIRUS COVID-19,22041,22041,22041,8,Laboratorio
306693,PANEL CANDIDA TRANSMISIÓN SEXUAL POR PCR-RT,68941,68941,68941,8,Laboratorio
306694,VIRUS BK POR PCR-RT,125810,125810,125810,8,Laboratorio
306695,PCR HELICOBACTER PYLORI,64632,64632,64632,8,Laboratorio
306697,"DEMODEX , BÚSQUEDA DE (SARNA)",30390,30390,30390,8,Laboratorio
306698,TINCIÓN PARA CAMPYLOBACTER,34280,34280,34280,8,Laboratorio
306699,BARTONELLA HENSELAE SEROLOGIA IgG,72375,72375,72375,8,Laboratorio
306700,LEGIONELLA ANTÍGENO URINARIO,43992,43992,43992,8,Laboratorio
306701,LÁTEX PARA MENINGITIS,30918,30918,30918,8,Laboratorio
306702,PANEL VARICELA ZOSTER / HERPES SIMPLEX 1 Y 2 POR PCR-RT,191779,191779,191779,8,Laboratorio
306704,"ACANTHAMOEBA SP, BUSQUEDA DE",66555,66555,66555,8,Laboratorio
306707,ESTUDIO SUSCEPTIBILIDAD CEFTAZIDIMA/AVIBACTAM,14792,14792,14792,8,Laboratorio
306708,"SCHISTOSOMIASIS, SEROLOGIA",135830,135830,135830,8,Laboratorio
306709,SEROLOGIA AMEBIASIS,66555,66555,66555,8,Laboratorio
306710,"STRONGYLOIDIASIS, SEROLOGIA",66555,66555,66555,8,Laboratorio
306712,"FASCIOLASIS, SEROLOGÍA",90552,90552,90552,8,Laboratorio
307011,VENOSA EN ADULTOS,1420,1846,2366,8,Laboratorio
307012,VENOSA EN NIÑOS Y LACTANTES,1310,1703,2182,8,Laboratorio
308001,AZÚCARES REDUCTORES (BENEDICT-FEHLING),1840,2392,3065,8,Laboratorio
308003,GRASAS NEUTRAS (SUDAN III),1060,1378,1766,8,Laboratorio
308004,HEMORRAGIAS OCULTAS,1900,2470,3165,8,Laboratorio
308005,LEUCOCITOS FECALES,1900,2470,3165,8,Laboratorio
308006,PH,1060,1378,1766,8,Laboratorio
308007,ELASTASA FECAL,77460,100698,129048,8,Laboratorio
308011,DIRECTO AL FRESCO C/S TINCIÓN,2500,3250,4165,8,Laboratorio
308012,ELECTROLITOS EN LÍQUIDOS,2660,3458,4432,8,Laboratorio
308013,RECUENTO DE EOSINÓFILOS,1310,1703,2182,8,Laboratorio
308014,FISICOQUÍMICO LÍQUIDOS (CITOQUIMICO),4530,5889,7547,8,Laboratorio
308017,PH URINARIO,1140,1482,1899,8,Laboratorio
308019,"PROTEÍNAS, ELECTROFORÉSIS DE",10740,13962,17893,8,Laboratorio
308020,BANDAS OLIGOCLONALES,42100,54730,70139,8,Laboratorio
308022,ÍNDICE ALBÚMINA/ GLOBULINA (LCR),23380,30394,38951,8,Laboratorio
308029,ESPERMIOGRAMA,7660,9958,12762,8,Laboratorio
308044,"FLUJO VAGINAL, ESTUDIO DE ( INCLUYE TOMA DE MUESTRA)",12560,16328,20925,8,Laboratorio
308045,AMILASA EN OTROS FLUÍDOS,7580,9854,12628,8,Laboratorio
308046,0,4990,6487,8313,8,Laboratorio
308049,CALPROTECTINA CUANTITATIVA POR ELISA,46190,60047,76953,8,Laboratorio
308050,"PROTEINAS TOTALES EN EXUDADOS, SECRECIONES Y OTROS LIQUIDOS",2460,3198,4098,8,Laboratorio
308201,INMUNOFIJACIÓN DE INMUNOGLOBULINAS EN ORINA x 5 >>>> LABORATORIO BARNAFI,114541,114541,114541,8,Laboratorio
308202,ANÁLISIS DE LÍQUIDO SINOVIAL (CRISTALES),69510,69510,69510,8,Laboratorio
308203,SEPARACIÓN ESPERMÁTICA,63811,63811,63811,8,Laboratorio
308208,FRAGMENTACIÓN ADN ESPERMÁTICA,131920,131920,131920,8,Laboratorio
309002,ACIDO DELTA AMINOLEVULÍNICO.,7390,9607,12312,8,Laboratorio
309004,ÁCIDO ÚRICO CUANTITATIVO ORINA 24 HORAS,3570,4641,5948,8,Laboratorio
309005,ÁCIDO 5 HIDROXIINDOLACÉTICO,8850,11505,14744,8,Laboratorio
309006,AMILASA CUANTITATIVA EN ORINA 24 HORAS,4370,5681,7280,8,Laboratorio
309007,AMINOACIDURIA,9410,12233,15677,8,Laboratorio
309008,CALCIO CUANTITATIVO ORINA 24 HORAS,3300,4290,5498,8,Laboratorio
309009,CÁLCULO URINARIO,7840,10192,13061,8,Laboratorio
309010,"CREATININA CUANTITATIVA, ORINA 24 HORAS",2500,3250,4165,8,Laboratorio
309012,ELECTROLITO CLORO (ORINA),2540,3302,4232,8,Laboratorio
309013,MICROALBUMINURIA CUANTITATIVA ORINA 24 HORAS,4580,5954,7630,8,Laboratorio
309015,FÓSFORO CUANTITATIVO ORINA 24 HORAS,3300,4290,5498,8,Laboratorio
309016,GLUCOSA CUANTITATIVA ORINA 24 HORAS,2260,2938,3765,8,Laboratorio
309017,HIDROXIPROLINA EN ORINA 24 HORAS,7460,9698,12428,8,Laboratorio
309020,NITRÓGENO UREICO CUANTITATIVO ORINA 24 HORAS,1380,1794,2299,8,Laboratorio
309022,"ORINA COMPLETA, (INCLUYE COD. 03-09-023)",3090,4017,5148,8,Laboratorio
309023,"ORINA, FISICOQUÍMICO",2260,3765,3765,8,Laboratorio
309024,"ORINA, SEDIMENTO",1780,2314,2965,8,Laboratorio
309027,PORFIRINAS ORINA C/U,4180,5434,6964,8,Laboratorio
309028,PROTEÍNA CUANTITATIVA ORINA 24 HORAS,2880,3744,4798,8,Laboratorio
309029,PROTEÍNAS DE BENCE JONES,1860,2418,3099,8,Laboratorio
309034,ARSÉNICO EN ORINA,47520,61776,79168,8,Laboratorio
309036,COBRE EN ORINA,32240,41912,53712,8,Laboratorio
309044,"ÁCIDOS ORGÁNICOS, ORINA",299550,389415,499050,8,Laboratorio
309046,SCREENING DE MUCOPOLISACÁRIDOS,127700,166010,212748,8,Laboratorio
309105,OXALATURIA,42825,42825,42825,8,Laboratorio
309106,CITRATURIA,25981,25981,25981,8,Laboratorio
309109,MAGNESIO CUANTITATIVO ORINA 24 HORAS,8399,8399,8399,8,Laboratorio
309110,SCREENING ENFERMEDAD METABÓLICA (INCLUYE AMINOACIDURIA).,65131,65131,65131,8,Laboratorio
309112,ZINC EN ORINA,59693,59693,59693,8,Laboratorio
309114,"ÍNDICE MICROALBUMINURIA / CREATINURIA, (Agregar códigos 030901302 y 030901002)",8964,8964,8964,8,Laboratorio
309118,PORFIRINAS DIFERENCIADAS EN ORINA,143355,143355,143355,8,Laboratorio
309119,SCREENING METABÓLICO,63860,63860,63860,8,Laboratorio
309120,TINCIÓN PARA EOSINÓFILOS,98134,98134,98134,8,Laboratorio
309122,DETERMINACIÓN DE HEMOSIDERÓFAGOS,56627,56627,56627,8,Laboratorio
309124,MUCOPOLISACÁRIDOS EN ORINA (TEST DE BERRY),226071,226071,226071,8,Laboratorio
309126,GLICOSAMINOGLICANOS EN ORINA (GAGs),599048,599048,599048,8,Laboratorio
309130,MERCURIO EN ORINA,77927,77927,77927,8,Laboratorio
309131,ESPECIACIÓN ARSÉNICO EN ORINA AISLADA,77927,77927,77927,8,Laboratorio
309132,YODURIA MAS CREATININA EN ORINA,68899,68899,68899,8,Laboratorio
309133,OSMOLALIDAD URINARIA,4353,4353,4353,8,Laboratorio
309134,MIOGLOBINA EN ORINA,23059,23059,23059,8,Laboratorio
309135,SULFATURIA,44411,44411,44411,8,Laboratorio
309137,PLOMO EN ORINA AISLADA,65961,65961,65961,8,Laboratorio
309138,MANGANESO EN ORINA AISLADA,65662,65662,65662,8,Laboratorio
401001,RADIOGRAFÍA DE LAS GLÁNDULAS SALIVALES SIALOGRAFÍA,40940,53222,61410,6,Radiografia
401002,"PARTES BLANDAS, LARINGE LATERAL, CAVUM RINOFARINGEO (RINOFA-",15300,19890,22950,6,Radiografia
401004,"RADIOGRAFÍA DE TÓRAX, PROYECCIÓN COMPLEMENTARIA (OBLICUAS, S",14080,18304,21120,6,Radiografia
401008,RADIOGRAFÍA DE TÓRAX FRONTAL O LATERAL CON EQUIPO MÓVIL FUERA DEL DEPARTAMENTO,19920,25896,29880,6,Radiografia
401009,RADIOGRAFÍA DE TÓRAX SIMPLE FRONTAL O LATERAL,17380,22594,26070,6,Radiografia
401011,MARCACIÓN PREOPERATORIA DE LESIONES DE LA MAMA,50720,65936,76080,9,Ecografia
401012,"RADIOGRAFIA DE MAMA, PIEZA OPERATORIA",14900,19370,22350,6,Radiografia
401013,RADIOGRAFÍA DE ABDOMEN SIMPLE,15920,20696,23880,6,Radiografia
401014,"ABDOMEN SIMPLE, PROYECCION COMPLEMENTARIA EN EL MISMO EXAMEN",11470,14911,17205,6,Radiografia
401015,"COLANGIOGRAFIA INTRA O POSTOPERATORIA (POR SONDA T, O",37140,48282,55710,6,Radiografia
401018,ENEMA BARITADA DEL COLON (INCLUYE LLENE Y CONTROL POSTVACIA-,76080,98904,114120,6,Radiografia
401019,"ENEMA BARITADA DEL COLON O INTESTINO DELGADO, DOBLE CONTRAS-",73440,95472,110160,6,Radiografia
401020,ESOFAGO SIMPLE (INCLUYE PESQUISA DE CUERPO EXTRANO),34830,45279,52245,6,Radiografia
401021,"ESOFAGO, ESTOMAGO Y DUODENO, DOBLE CONTRASTE (15 EXP.)",64610,83993,96915,6,Radiografia
401022,ESTUDIO DE DEGLUCION FARINGEA,29040,37752,43560,6,Radiografia
401023,"RADIOGRAFÍA DE ESÓFAGO, ESTÓMAGO Y DUODENO, SIMPLE EN NIÑOS",53780,69914,80670,6,Radiografia
401024,"ESOFAGO, ESTOMAGO Y DUODENO, SIMPLE EN NINOS (8 EXP.)",53550,69615,80325,6,Radiografia
401027,PIELOGRAFIA DE ELIMINACION O DESCENDENTE: INCLUYE RENAL,68420,88946,102630,6,Radiografia
401028,RADIOGRAFÍA RENAL SIMPLE (PROC. AUT.),14660,19058,21990,6,Radiografia
401029,VESICAL SIMPLE O PERIVESICAL (PROC. AUT.) (1 EXP.),12620,16406,18930,6,Radiografia
401031,"CAVIDADES PERINASALES, ORBITAS, ARTICULACIONES TEMPOROMAN-",17250,22425,25875,6,Radiografia
401032,CRANEO FRONTAL Y LATERAL (2 EXP.),18030,23439,27045,6,Radiografia
401033,"CRANEO, CADA PROYECCION ESPECIAL: AXIAL, BASE, TOWNE, TAN-",12640,16432,18960,6,Radiografia
401035,"Radiografía de oído, unilateral o bilateral",21820,28366,32730,6,Radiografia
401040,SILLA TURCA FRONTAL Y LATERAL (2 EXP.),20160,26208,30240,6,Radiografia
401042,COLUMNA CERVICAL O ATLAS-AXIS (FRONTAL Y LATERAL) (2 EXP.),17380,22594,26070,6,Radiografia
401043,"COLUMNA CERVICAL (FRONTAL, LATERAL Y OBLICUAS) (4 PROY.) (4",29250,38025,43875,6,Radiografia
401044,COLUMNA CERVICAL FUNCIONAL ADICIONAL (2 EXP.),16400,21320,24600,6,Radiografia
401045,"COLUMNA DORSAL O DORSOLUMBAR LOCALIZADA, PARRILLA COSTAL",20240,26312,30360,6,Radiografia
401046,"RADIOGRAFÍA COLUMNA LUMBAR O LUMBOSACRA ( FRONTAL, LATERAL Y FOCALIZADA EN EL 5° ESPACIO)",29950,38935,44925,6,Radiografia
401047,COLUMNA LUMBAR O LUMBOSACRA FUNCIONAL (2 EXP.),24350,31655,36525,6,Radiografia
401048,"COLUMNA LUMBAR O LUMBOSACRA, OBLICUAS ADICIONALES",16400,21320,24600,6,Radiografia
401049,"COLUMNA TOTAL O DORSOLUMBAR, PANORAMICA CON FOLIO GRADUADO",22400,29120,33600,6,Radiografia
401051,"RX PELVIS, CADERA O COXOFEMORAL,C/U (1 EXP.).",13310,17303,19965,6,Radiografia
401052,"PELVIS, CADERA O COXOFEMORAL, PROYECCIONES ESPECIALES,",12140,15782,18210,6,Radiografia
401053,"SACROCOXIS O ARTICULACIONES SACROILIACAS, C/U (2-3 EXP.)",18270,23751,27405,6,Radiografia
401054,"BRAZO, ANTEBRAZO, CODO, MUNECA, MANO, DEDOS, PIE O SIMILAR",15150,19695,22725,6,Radiografia
401055,CLAVICULA (2 EXP.),17730,23049,26595,6,Radiografia
401056,EDAD OSEA : CARPO Y MANO (1 EXP.),12640,16432,18960,6,Radiografia
401057,EDAD OSEA : RODILLA (FRONTAL) (1 EXP.),13180,17134,19770,6,Radiografia
401058,ESTUDIO DE ESCAFOIDES,19820,25766,29730,6,Radiografia
401059,"ESTUDIO MUNECA O TOBILLO (FRONT.,LATERAL Y OBLICUAS, 4 EXP.)",17140,22282,25710,6,Radiografia
401060,"HOMBRO, FEMUR, RODILLA, PIERNA, COSTILLA O ESTERNON ( FRON-",17920,23296,26880,6,Radiografia
401062,"PROYECCIONES ESPECIALES OBLICUAS U OTRAS EN HOMBRO, BRAZO,",12460,16198,18690,6,Radiografia
401063,TUNEL INTERCONDILEO O RADIO-CARPIANO,12140,15782,18210,6,Radiografia
401064,APOYO FLUOROSCOPICO A PROCEDIMIENTOS INTRAOPERATORIOS,14740,19162,22110,6,Radiografia
401070,TORAX (FRONTAL Y LATERAL) (INCLUYE FLUOROSCOPIA) (2 PROY.,31330,40729,46995,6,Radiografia
401151,"RX PELVIS, CADERA O COXOFEMORAL DE RN, LACTANTE O MENOR DE 6 AÑOS",12700,16510,19050,6,Radiografia
403001,TOMOGRAFÍA COMPUTARIZADA DE CRÁNEO ENCEFÁLICA,109600,142480,164400,5,Tomografia
403002,TOMOGRAFÍA COMPUTARIZADA DE HIPOTÁLAMO-HIPÓFISIS,115330,149929,172995,5,Tomografia
403003,TOMOGRAFÍA COMPUTARIZADA DE FOSA POSTERIOR,99060,128778,148590,5,Tomografia
403006,TOMOGRAFÍA COMPUTARIZADA DE TEMPORAL-OÍDO,95120,123656,142680,5,Tomografia
403007,TOMOGRAFÍA COMPUTARIZADA DE ÓRBITAS MAXILOFACIAL,127180,165334,190770,5,Tomografia
403008,TOMOGRAFÍA COMPUTARIZADA DE COLUMNA CERVICAL,139330,181129,208995,5,Tomografia
403012,"TOMOGRAFÍA COMPUTARIZADA DE CUELLO, PARTES BLANDAS",102960,133848,154440,5,Tomografia
403013,"TOMOGRAFÍA COMPUTARIZADA DE TÓRAX TOTAL INCLUYE : ESTERNON,CLAVICULAS,ARTICULACION ACROMIOCLAVICULAR,ESCAPULA, COSTILLAS, ARTICULACION ESTERNOCLAVICULAR, INCLUYE TODO EL TORAX O CADA SEGMENTO O ARTICULACION",162620,211406,243930,5,Tomografia
403014,"TOMOGRAFÍA COMPUTARIZADA DE ABDOMEN (HÍGADO, VÍAS Y VESÍCULA BILIAR, PÁNCREAS, BAZO, SUPRARRENALES Y RIÑONES)",97920,127296,146880,5,Tomografia
403016,"TOMOGRAFÍA COMPUTARIZADA DE PELVIS (ADEMAS INCL. SACRP.COXIS, CADERAS,HUESOS, PELVICOS,ARTICULACIONESSACRO LLIACAS). BILATERAL",100420,130546,150630,5,Tomografia
403017,"TOMOGRAFIA COMPUTARIZADA MUSCULO ESQUELETICA POR ZONA ANATOMICA. POR CADA SEGMENTOO ARTICULACION:MUSLO,PIERNA,RODILLAS,ANTEBRAZO,CODO,MUÑECA,MANO,HOMBRO,PIE,TOBILLO U OTROS. BILATERAL SOLO PARA RODILLAS",87660,113958,131490,5,Tomografia
403018,TOMOGRAFÍA COMPUTARIZADA DE COLUMNA DORSAL. INCLUYE MIN 6 ESPACIOS,122080,158704,183120,5,Tomografia
403019,TOMOGRAFÍA COMPUTARIZADA DE COLUMNA LUMBAR,122080,158704,183120,5,Tomografia
403020,TOMOGRAFÍA COMPUTARIZADA DE ABDOMEN Y PELVIS,159810,207753,239715,5,Tomografia
403021,TOMOGRAFÍA COMPUTARIZADA PIELOGRAFÍA,42080,54704,63120,5,Tomografia
403022,TOMOGRAFÍA COMPUTARIZADA UROGRAFÍA,94020,122226,141030,5,Tomografia
403023,TOMOGRAFÍA COMPUTARIZADA DE COLONOGRAFÍA VIRTUAL. NO ICNLCUYE INSTALACION DE SONDA,80260,104338,120390,5,Tomografia
403024,TOMOGRAFÍA COMPUTARIZADA PLANIFICACIÓN RADIOTERAPIA,108910,141583,163365,5,Tomografia
403025,TOMOGRAFÍA COMPUTARIZADA DE CALCIO CORONARIO,53680,69784,80520,5,Tomografia
403101,TOMOGRAFÍA COMPUTARIZADA ANGIO DE ENCÉFALO,132830,172679,199245,5,Tomografia
403102,TOMOGRAFIA COMPUTARIZADA ANGIO DE TORAX,199980,259974,299970,5,Tomografia
403103,TOMOGRAFÍA COMPUTARIZADA ANGIO DE ABDOMEN,185150,240695,277725,5,Tomografia
403104,TOMOGRAFIA COMPUTARIZADA ANGIO DE CUELLO,109150,141895,163725,5,Tomografia
403105,TOMOGRAFÍA COMPUTARIZADA ANGIO DE PELVIS,79600,103480,119400,5,Tomografia
403107,TC ANGIO DE EXTREMIDADES INF. Y SUP. (NFS),151090,196417,226635,5,Tomografia
403108,TOMOGRAFIA COMPUTARIZADA ANGIO DE EXTREMIDAD SUPERIOR (UNILATERAL),154780,201214,232170,5,Tomografia
404002,ECOGRAFÍA OBSTÉTRICA,13730,19222,20595,9,Ecografia
404003,"ECOTOMOGRAFIA ABDOMINAL (INCLUYE HIGADO, VIA BILIAR, VESICU-",43340,60676,65010,9,Ecografia
404004,"ECOTOMOGRAFIA COMO APOYO A CIRUGIA, O A PROCEDIMIENTO",26780,37492,40170,9,Ecografia
404005,ECOGRAFÍA TRANSVAGINAL O TRANSRECTAL,24210,33894,36315,9,Ecografia
404006,"ECOGRAFÍA GINECOLÓGICA, PELVIANA FEMENINA U OBSTÉTRICA CON ESTUDIO FETAL",23060,32284,34590,9,Ecografia
404007,"ECOTOMOGRAFIA TRANSVAGINAL PARA SEGUIMIENTO DE OVULACION,",33660,47124,50490,9,Ecografia
404008,"ECOTOMOGRAFIA PARA SEGUIMIENTO DE OVULACION, PROCE-",37700,49010,56550,9,Ecografia
404009,ECOTOMOGRAFIA PELVICA MASCULINA (INCLUYE VEJIGA Y PROSTATA),24100,33740,36150,9,Ecografia
404010,"ECOTOMOGRAFIA RENAL (BILATERAL), O DE BAZO",30050,42070,45075,9,Ecografia
404011,ECOTOMOGRAFIA CEREBRAL (R.N. O LACTANTE),32430,42159,48645,9,Ecografia
404012,ECOTOMOGRAFIA MAMARIA BILATERAL,30210,42294,45315,9,Ecografia
404013,"Ecografía ocular, unilateral o bilateral.",35040,45552,52560,9,Ecografia
404014,Ecografía testicular (unilateral o bilateral) (Incluye Doppler),29810,41734,44715,9,Ecografia
404015,ECOTOMOGRAFIA TIROIDEA,30210,42294,45315,9,Ecografia
404016,ECOTOMOGRAFIA PARTES BLANDAS O MUSCULOESQUELETICA (CADA ZONA ANATOMICA),30210,42294,45315,9,Ecografia
404118,ECOTOMOGRAFIA VASCULAR PERIFERICA (BILATERAL),99100,138740,148650,9,Ecografia
404119,ECOTOMOGRAFIA CAROTIDEA BILATERAL,93580,131012,140370,9,Ecografia
404120,ECOTOMOGRAFIA TRANCRANEAL,99100,128830,148650,9,Ecografia
404121,ECOTOMOGRAFIA ABDOMINAL O DE VASOS TESTICULARES,102130,132769,153195,9,Ecografia
405001,"RESONANCIA MAGNETICA CRANEO ENCEFALICA U OIDOS, BILATERAL",211600,413567,317400,7,Resonancia
405002,RM SILLA TURCA,220330,413567,330495,7,Resonancia
405003,RM ORBITAS,197500,413567,296250,7,Resonancia
405004,RM ART. TEMPOROMANDIBULARES,212370,413567,318555,7,Resonancia
405005,RM COLUMNA CERVICAL,211600,413567,317400,7,Resonancia
405006,RM COLUMNA DORSAL,220060,413567,330090,7,Resonancia
405007,RM COLUMNA LUMBAR,211600,413567,317400,7,Resonancia
405009,"RESONANCIA MAGNETICA DE TORAX (CORAZON,ESTERNON, CLAVICULAS,ARTICULACION ACROMIOCLAVICULAR, ESCAPULA, COSTILLAS O ARTICULACION ESTENOCLAVICULAR). TODA LA PARED TORACICAO CADA SEGMENTO O ARTICULACION. BILATERAL",226750,413567,340125,7,Resonancia
405010,RESONANCIA ABDOMEN,211600,413567,317400,7,Resonancia
405011,RESONANCIA MAGNÉTICA DE PELVIS. INCLUYE: OSTEOARTICULAR DE SACROILIACAS U OSTEOARTICULAR DE SACROCOXIS U OSTEOARTICULAR DE HUESOS PÉLVICOS U ÓRGANOS PELVIANOS,211600,413567,317400,7,Resonancia
405012,RESONANCIA MAGNÉTICA DE ABDOMEN Y PELVIS,317370,412581,476055,7,Resonancia
405013,RM RODILLAS,173490,393874,260235,7,Resonancia
405016,RM COLUMNA TOTAL,374420,677462,561630,7,Resonancia
405017,RESONANCIA MAGNETICA ANGIOGRAFIA DE ENCEFALO,226750,413567,340125,7,Resonancia
405018,RESONANCIA MAGNETICA ANGIOGRAFIA DE CUELLO,233170,413567,349755,7,Resonancia
405019,RESONANCIA MAGNÉTICA ANGIOGRAFÍA DE TÓRAX,229450,413567,344175,7,Resonancia
405020,RESONANCIA MAGNÉTICA ANGIOGRAFÍA DE ABDOMEN,214280,413567,321420,7,Resonancia
405021,RESONANCIA MAGNÉTICA ANGIOGRAFÍA DE PELVIS,220330,413567,330495,7,Resonancia
405022,RESONANCIA MAGNÉTICA ANGIOGRAFÍA DE EXTREMIDAD SUPERIOR UNILATERAL,217760,413567,326640,7,Resonancia
405023,RESONANCIA MAGNÉTICA ANGIOGRAFIA DE EXTREMIDAD INFERIOR BIILATERAL,211600,413567,317400,7,Resonancia
405024,RESONANCIA MAGNÉTICA DE MANO O MUÑECA,185920,393874,278880,7,Resonancia
405025,RESONANCIA MAGNÉTICA DE ANTEBRAZO O BRAZO,177780,393874,266670,7,Resonancia
405026,RESONANCIA MAGNÉTICA DE CODO,180650,393874,270975,7,Resonancia
405027,RESONANCIA MAGNETICA DE HOMBRO,173490,393874,260235,7,Resonancia
405028,"RESONANCIA MAGNÉTICA DE PIE, ANTEPIE O TOBILLO",173490,393874,260235,7,Resonancia
405029,RESONANCIA MAGNÉTICA DE PIERNA,178550,393874,267825,7,Resonancia
405030,RESONANCIA MAGNÉTICA DE MUSLO O CADERA. UNILATERAL,180650,393874,270975,7,Resonancia
405031,RESONANCIA MAGNÉTICA DE MAMA (BILATERAL),173490,393874,260235,7,Resonancia
405032,RESONANCIA MAGNÉTICA FETAL,208210,393874,312315,7,Resonancia
405098,COLANGIORESONANCIA,141740,295406,212610,7,Resonancia
601091,KINESIOLOGIA DE URGENCIA HABIL,23100,23100,23100,17,Kinesiologia
601092,ATENCION KINESIOLOGIA PISO PELVICO,17850,17850,17850,17,Kinesiologia
601094,REHABILITACION TEMPOROMANDIBULAR,21000,21000,21000,17,Kinesiologia
601095,KINESIOLOGIA DE URGENCIA INHABIL,29400,29400,29400,17,Kinesiologia
601101,EVALUACIÓN KINESIOLÓGICA INTEGRAL,3620,6516,6100,17,Kinesiologia
601103,ATENCIÓN KINESIOLÓGICA INTEGRAL EN PACIENTES HOSPITALIZADOS,12270,36810,29000,17,Kinesiologia
601104,ATENCIÓN KINESIOLÓGICA INTEGRAL UPC (INTENSIVO E INTERMEDIO),23170,57925,36200,17,Kinesiologia
601105,ATENCION KINESIOLOGICA INTEGRAL AMBULATORIA,11200,29120,60500,17,Kinesiologia
605013,NEUROMODULACIÓN DEL TIBIAL POSTERIOR.,7035,7035,7035,17,Kinesiologia
605014,KINESIOTERAPIA MAXILOFACIAL,7035,7035,7035,17,Kinesiologia
801001,"CITODIAGNÓSTICO CORRIENTE, EXFOLIATIVA (PAPANICOLAU) (POR CADA PLACA)",11180,14534,15400,14,Anatomia
801002,Citología no ginecológica (por cada placa o frasco) (máximo 6),16290,21177,21177,14,Anatomia
801004,** Estudio histopatológico con técnicas de inmunohistoquímica o inmunofluorescencia (por cada anticuerpo investigado),48420,62946,62946,14,Anatomia
801005,"** ESTUDIO HISTOPATOLÓGICO CON TÉCNICAS HISTOQUÍMICAS, NIVELES, DECALCIFICACIÓN (POR CADA LÁMINA)",35390,46007,46007,14,Anatomia
801007,ESTUDIO HISTOPATOLOGICO CON TINCION CORRIENTE DE BIOPSIA,47020,61126,611126,14,Anatomia
801008,Estudio histopatológico de biopsia diferida (por cada muestra y/o tejido) (incluye hasta 3 láminas),24370,31681,31681,14,Anatomia
801055,TOMA PAPANICOLAU BOX,16170,16170,16170,14,Anatomia
902001,CONSULTA PSICOLOGO CLINICO (SESIONES 45),20610,26793,33800,34,Consulta
902002,PSICOTERAPIA INDIVIDUAL,20610,26793,33800,34,Consulta
1101001,RELLENADO DE BOMBAS DE ADMINISTRACION DE FARMACOS EN LCR,119700,105081,140490,16,Procedimientos
1101002,PUNCION SUBDURAL,227850,260010,269115,16,Procedimientos
1101003,PUNCION LUMBAR C/S MANOMETRIA C/S QUECKENSTED,227850,260010,269115,16,Procedimientos
1101025,"POR PUNCION LUMBAR, CON MEDIO DE CONTRASTE GASEOSO O HIDROSOLUBLE (A.C. 04-02-050)",227850,260010,269115,16,Procedimientos
1101026,BLOQUEO NERVIO PERIFERICO EN PUNTO MOTOR,184800,196937,203805,25,Cirugia
1101027,BLOQUEO NERVIO TRONCULAR,184800,196937,203805,25,Cirugia
1101031,INFILTRACION O BLOQUEO INTERCOSTALES (CUALQUIER NUMERO),184800,196937,203805,16,Procedimientos
1101033,INFILTRACION O BLOQUEO SUBOCCIPITAL U OTROS NERVIOS CERVICALES,184800,196937,203805,25,Cirugia
1101034,ALCOHOLIZACION O FENOLIZACION DE NERVIOS PERIFERICOS: INTRAMUSCULAR,184800,196937,203805,25,Cirugia
1101035,ALCOHOLIZACION O FENOLIZACION DE NERVIOS PERIFERICOS: INTRATECAL,184800,196937,203805,16,Procedimientos
1101036,ALCOHOLIZACION O FENOLIZACION DE NERVIOS PERIFERICOS: TRONCULAR,184800,196937,203805,25,Cirugia
1103001,Malformaciones vasculares del cuero cabelludo incluye aneurisma cirsoideo,715050,813344,841575,25,Cirugia
1103002,"SINUS PERICRANI, TRAT. QUIR.",715050,813344,841575,25,Cirugia
1103003,"HUNDIMIENTO SIMPLE, REPARACION DE",1130850,1285969,1330665,25,Cirugia
1103004,CRANEOPLASTIA CON AUTOINJERTO,1365000,1543934,1597575,25,Cirugia
1103005,CRANEOPLASTIA CON PROTESIS (NO INCLUYE EL VALOR DE LA PROTESIS),1365000,1543934,1597575,25,Cirugia
1103006,"TUMORES DE CALOTA, EXTIRP. DE",1365000,1543934,1597575,25,Cirugia
1103007,"OSTEOMIELITIS, LIMPIEZA QUIRURGICA",1130850,1285969,1330665,25,Cirugia
1103008,CRANIECTOMIAS DESCOMPRESIVAS,1130850,1285969,1330665,25,Cirugia
1103009,REPARACION DE FRACTURA CRECEDORA,1130850,1285969,1330665,25,Cirugia
1103010,CRANEOTOMIAS LINEALES,1130850,1285969,1330665,25,Cirugia
1103011,CRANIECTOMIAS C/S REMODELACION OSEA,1921500,2164284,2239440,25,Cirugia
1103012,HONORARIOS DEL 1ER. CIRUJANO RESPONSABLE Y SUS AYUDANTES,2415000,2694409,2788065,25,Cirugia
1103014,"HEMATOMA O ABSCESO EXTRADURAL, VACIAMIENTO DE",1365000,1543934,1597575,25,Cirugia
1103015,REPARACION DE FISTULA DE LCR,1573950,1860980,1925700,25,Cirugia
1103016,"HEMATOMA, EMPIEMA O COLECCION SUBDURAL, VACIAMIENTO DE",1365000,1543934,1597575,25,Cirugia
1103017,"QUISTES ARACNOIDALES ENCEFALICOS, TRAT. QUIR. (SUPRASELLARES, TEMPORALES, CEREBELOSOS, ETC.)",1921500,2164284,2239440,25,Cirugia
1103018,VENTRICULOSTOMIA O INSTALACION DE DERIVATIVA VENTRICULAR EXTERNA O INSTALACION DE CAPTOR PARA MEDICION DE PIC O PUNCION BIOPSIA O RESERVORIO PARA ADMINISTRACION DE MEDICAMENTOS,1130850,1285969,1330665,25,Cirugia
1103019,"ABSCESO CEREBRAL, TRAT. QUIR.",1921500,2164284,2239440,25,Cirugia
1103020,TRATAMIENTO QUIRURGICO DEL TRAUMATISMO CRANEOENCEFALICO ABIERTO O PENETRANTE (HERIDA A BALA U OTRO ELEMENTO PENETRANTE),1130850,1285969,1330665,25,Cirugia
1103021,"HUNDIMIENTO EXPUESTO, REPAR. DE",1365000,1543934,1597575,25,Cirugia
1103022,LOBECTOMIAS POR CONTUSION CEREBRAL,1921500,2164284,2239440,25,Cirugia
1103023,"HEMATOMA INTRACEREBRAL, VACIAMIENTO DE",1921500,2164284,2239440,25,Cirugia
1103024,"DE BASE DE CRANEO, RESECCION DE TUMORES Y/O QUISTES Y/O CAVERNOMA",1921500,2164284,2239440,25,Cirugia
1103025,"INTRAORBITARIOS, RESECCION DE TUMORES Y/O QUISTES Y/O CAVERNOMA",1921500,2164284,2239440,25,Cirugia
1103026,"ENCEFALICOS Y DE HIPOFISIS, RESECCION DE TUMORES Y/O QUISTES Y/O CAVERNOMA",1921500,2164284,2239440,25,Cirugia
1103027,"ANEURISMAS, MALFORMACIONES ARTERIOVENOSAS ENCEFALICAS U ORBITARIAS, FISTULAS DURALES",2116800,2571936,2661330,25,Cirugia
1103028,FISTULA CAROTIDO CAVERNOSA TRATAMIENTO ENDOVASCULAR,1365000,1543934,1597575,25,Cirugia
1103029,"FISTULA CAROTIDO CAVERNOSA, TRAT. QUIR.",1921500,2164284,2239440,25,Cirugia
1103030,"REVASCULARIZACION INTRACRANEANA INDIRECTA (ENDODUROSINANGIOSIS, MULTITREPANACION, EMAS, ETC)",1365000,1543934,1597575,25,Cirugia
1103031,ANASTOMOSIS Y REVASCULARIZACION CEREBRAL EXTRA-INTRACRANEANA (CIRUGIA DE CAROTIDA: VER CIRUGIA VASCULAR PERIFERICA),2116800,2571936,2661330,25,Cirugia
1103032,INSTALACION DE DERIVATIVAS DE LCR (NO INCLUYE VALOR DE LA VALVULA),1573950,1860980,1925700,25,Cirugia
1103033,REVISION O EXTERIORIZACION DE DERIVATIVA,715050,813344,841575,25,Cirugia
1103034,VENTRICULOCISTERNOSTOMIA,1365000,1543934,1597575,25,Cirugia
1103035,"FENESTRACION, SEPTOSTOMIA O COAGULACION PLEXOS COROIDEOS (TRAT. ENDOSCOPICO)",1921500,2164284,2239440,25,Cirugia
1103036,CIRUGIA DESCOMPRESIVA DE FOSA POSTERIOR U OCCIPITO-VERTEBRAL EN MALFORMACION DE CHIARI Y/O SIRINGOMIELIA,1921500,2164284,2239440,25,Cirugia
1103037,"MENINGO Y MENINGOENCEFALOCELE OCCIPITAL, REPAR. DE",1921500,2164284,2239440,25,Cirugia
1103038,CIRUGIA DESCOMPRESIVA NEUROVASCULAR,1921500,2164284,2239440,25,Cirugia
1103039,NEUROTOMIAS,715050,813344,841575,25,Cirugia
1103040,NEUROLISIS O MICROCOMPRESION PERCUTANEA,715050,813344,841575,25,Cirugia
1103041,CIRUGIA DE LA EPILEPSIA (CUALQUIER TECNICA),1921500,2164284,2239440,25,Cirugia
1103042,BIOPSIA ESTEREOTAXICA CEREBRAL CON MARCO DE ESTEREOTAXIA O NEURONAVEGADOR,1921500,2164284,2239440,25,Cirugia
1103043,"TERMOCOAGULACION DE ZONAS CEREBRALES CON RADIOFRECUENCIA O ULTRASONIDO FOCALIZADO CON TECNICA ESTEREOTAXICA PARA EL TRATAMIENTO DE ENFERMEDAD DE PARKINSON, TEMBLOR ESENCIAL, PSICOCIRUGIA Y OTROS",1921500,2164284,2239440,25,Cirugia
1103045,IMPLANTACION DE ESTIMULADORES INTRACRANEANOS,1921500,2164284,2239440,25,Cirugia
1103046,INSTALACION DE ESTIMULADORES MEDULARES,1573950,1860980,1925700,25,Cirugia
1103047,"DISRAFIAS ESPINALES: MENINGOCELE, MIELOMENINGOCELE, DIASTEMATOMIELIA, LIPOMA, LIPOMENINGOCELE, MEDULA ANCLADA, ETC.",1921500,2164284,2239440,25,Cirugia
1103048,Infiltracion facetaria columna y radicular,715050,813344,841575,25,Cirugia
1103049,"HERNIA NUCLEO PULPOSO, ESTENORRAQUIS, ARACNOIDITIS, FIBROSIS PERIRRADICULAR CERVICAL, DORSAL O LUMBAR, TRAT. QUIR.",1573950,1860980,1925700,25,Cirugia
1103050,LAMINECTOMIA DESCOMPRESIVA,1573950,1860980,1925700,25,Cirugia
1103051,"HERIDAS RAQUIMEDULARES, TRAT. QUIR.",1130850,1285969,1330665,25,Cirugia
1103052,TRATAMIENTO QUIRURGICO DE TUMOR ESPINAL EXTRADURAL,1365000,1543934,1597575,25,Cirugia
1103053,EXTIRPACION DE TUMOR O QUISTE MEDULAR O INTRARRAQUIDEO,1921500,2164284,2239440,25,Cirugia
1103054,"MALFORMACION ARTERIOVENOSA O FISTULA DURAL MEDULAR, TRAT. QUIR.",1921500,2164284,2239440,25,Cirugia
1103055,CORDOTOMIA PERCUTANEA,715050,813344,841575,25,Cirugia
1103056,"MIELOTOMIA, DREZTOMIA",1130850,1285969,1330665,25,Cirugia
1103057,RIZOTOMIA (CUALQUIER TECNICA),1130850,1285969,1330665,25,Cirugia
1103058,"TUMOR DE NERVIO PERIFERICO, EXTIRP. DE",715050,813344,841575,25,Cirugia
1103059,REPARACION DE PLEXOS C/S NEUROTIZACION CON TECNICA MICROQUIRURGICA O INJERTOS INTERFASCICULARES,1365000,1543934,1597575,25,Cirugia
1103060,"SECCION DE NERVIO, REPARACION CON INJERTO",1365000,1543934,1597575,25,Cirugia
1103061,"SECCION DE NERVIO, REPARACION SIN INJERTO",961800,1075314,1112685,25,Cirugia
1103062,NEUROLISIS CON TECNICA MICROQUIRURGICA,1365000,1543934,1597575,25,Cirugia
1103063,NEUROLISIS EXTERNA,572250,649892,672525,25,Cirugia
1103064,"SINDROME DEL ESCALENO, TRAT. QUIR.",961800,1075314,1112685,25,Cirugia
1103065,"SINDROME DE COSTILLA CERVICAL, TRAT. QUIR.",961800,1075314,1112685,25,Cirugia
1103066,"LIBERACION QUIRURGICA DE NERVIO PERIFERICO EXTRACRANEANO (TRAT. QUIR. DEL SINDROME DEL TUNEL CARPIANO, TARSO U OTRO)",715050,813344,841575,25,Cirugia
1103067,"LIBERACION DE NERVIO CUBITAL A NIVEL DEL CODO, CUALQUIER TECNICA",715050,813344,841575,25,Cirugia
1103068,"NEURECTOMIA, CUALQUIER LOCALIZACION, CADA ZONA QUIRURGICA",715050,813344,841575,25,Cirugia
1103069,"FIJACION DE COLUMNA (CERVICAL-DORSAL-LUMBAR) CUALQUIER VIA ABORDAJE, C/S OSTEOSINTESIS.",1573950,1860980,1925700,25,Cirugia
1103083,LIBERACION QUIRURGICA DE NERVIO PERIFERICO EN EL SINDROME DEL TUNEL CARPIANO TEC. WALANT (ANESTESIA LOCAL SIN TORNIQUETE),227850,260010,269115,25,Cirugia
1201041,SONDAJE VIA LAGRIMAL EN NIÑOS (BAJO ANESTESIA GENERAL),184800,196937,203805,25,Cirugia
1202003,RECONSTITUCION DE CANALICULOS,227850,260010,269115,25,Cirugia
1202005,DACRIOCISTORRINOSTOMIA,227850,260010,269115,25,Cirugia
1202011,BIOPSIA DE PARPADO Y/O ANEXOS (PROC. AUT.),184800,196937,203805,25,Cirugia
1202012,"BLEFAROCHALASIS, PLASTIA DE",184800,196937,203805,25,Cirugia
1202022,"QUISTE DERMOIDE DE LA COLA DE LA CEJA, RESEC. PLASTICA",184800,196937,203805,25,Cirugia
1202023,"TUMOR MALIGNO DE PARPADO O CEJA, TRAT. QUIR. COMPLETO",368550,418736,433335,25,Cirugia
1202025,"HERIDA O DEHISCENCIA DE LA CONJUNTIVA, SUTURA DE (PROC. AUT.)",227850,260010,269115,25,Cirugia
1202028,EXTIRPACION DE TUMOR BENIGNO DE LA CONJUNTIVA,227850,260010,269115,25,Cirugia
1202031,CUERPO EXTRAÑO ORBITARIO (CON ORBITOTOMIA),961800,1075314,1112685,25,Cirugia
1202044,EXTRACCION QUIR. DE CUERPO EXTRAÑO EN CORNEA Y/O ESCLERA,227850,260010,269115,25,Cirugia
1202071,"HERIDA O DEHISCENCIA DE SUTURA DE PARPADO, REPARACION",184800,196937,203805,25,Cirugia
1202072,**RECONSTRUCCION DE PAREDES ORBITARIAS,572250,649892,672525,25,Cirugia
1301003,NASOFARINGOLARINGOFIBROSCOPIA,227850,260010,269115,25,Cirugia
1301003,NASOFARINGOLARINGOFIBROSCOPIA,227850,260010,269115,68,Otorrino
1301008,# AUDIOMETRIA NIÑOS,16190,32822,30230,68,Otorrino
1301028,CAUTERIZACION UNI O BILATERAL DE VASOS EN FOSA NASAL ANTERIOR,119700,105081,140490,25,Cirugia
1301028,CAUTERIZACION UNI O BILATERAL DE VASOS EN FOSA NASAL ANTERIOR,119700,105081,140490,68,Otorrino
1301030,"CUERPO EXTRAÑO EN FOSAS NASALES, EXTRACCION DE: - EN NIÑOS",140700,157500,163065,25,Cirugia
1301030,"CUERPO EXTRAÑO EN FOSAS NASALES, EXTRACCION DE: - EN NIÑOS",140700,157500,163065,68,Otorrino
1301035,"CUERPO EXTRAÑO EN LARINGE Y/O TRAQUEA, EXTRACCION DE (INCLUYE LA ENDOSCOPIA CON TUBO RIGIDO) - EN ADULTOS",184800,196937,203805,25,Cirugia
1301035,"CUERPO EXTRAÑO EN LARINGE Y/O TRAQUEA, EXTRACCION DE (INCLUYE LA ENDOSCOPIA CON TUBO RIGIDO) - EN ADULTOS",184800,196937,203805,68,Otorrino
1301036,"CUERPO EXTRAÑO EN LARINGE Y/O TRAQUEA, EXTRACCION DE (INCLUYE LA ENDOSCOPIA CON TUBO RIGIDO) - EN NIÑOS",184800,196937,203805,25,Cirugia
1301036,"CUERPO EXTRAÑO EN LARINGE Y/O TRAQUEA, EXTRACCION DE (INCLUYE LA ENDOSCOPIA CON TUBO RIGIDO) - EN NIÑOS",184800,196937,203805,68,Otorrino
1301037,DILATACION ESOFAGICA POR SESION,140700,157500,163065,25,Cirugia
1301037,DILATACION ESOFAGICA POR SESION,140700,157500,163065,68,Otorrino
1301038,CUERPO EXTRAÑO EXTRACCION EN HIPOFARINGE Y/O ESOFAGO (POR TUBO RIGIDO) - EN NIÑOS,140700,157500,163065,25,Cirugia
1301038,CUERPO EXTRAÑO EXTRACCION EN HIPOFARINGE Y/O ESOFAGO (POR TUBO RIGIDO) - EN NIÑOS,140700,157500,163065,68,Otorrino
1301039,CUERPO EXTRAÑO EXTRACCION EN HIPOFARINGE Y/O ESOFAGO (POR TUBO RIGIDO) - EN ADULTOS,140700,157500,163065,25,Cirugia
1301039,CUERPO EXTRAÑO EXTRACCION EN HIPOFARINGE Y/O ESOFAGO (POR TUBO RIGIDO) - EN ADULTOS,140700,157500,163065,68,Otorrino
1301040,"LESIONES DEL OIDO EXTERNO Y/O MEDIO, CURACION BAJO MICROSCOPIO (PROC. AUT.)",140700,157500,163065,68,Otorrino
1301045,# EMISIONES OTOACUSTICAS,40000,36742,40000,26,Cirugia
1302002,EXTRACCION CUERPO EXTRAÑO EN CONDUCTO AUDITIVO EXTERNO,184800,196937,203805,25,Cirugia
1302003,"FISTULA PREAURICULAR COMPLICADA, TRAT. QUIR.",227850,260010,269115,25,Cirugia
1302004,EXTIRPACION DE TUMOR DE CONDUCTO AUDITIVO EXTERNO,184800,196937,203805,25,Cirugia
1302005,"TUMOR MALIGNO OIDO EXTERNO, TRAT. QUIR.",227850,260010,269115,25,Cirugia
1302006,ESTAPEDECTOMIA O ESTAPEDOSTOMIA,715050,813344,841575,25,Cirugia
1302007,MASTOIDECTOMIA C/S SECCION CUERDA DEL TIMPANO,715050,813344,841575,25,Cirugia
1302008,"TRATAMIENTO QUIRURGICO DE MUCOSITIS TIMPANICA, OTITIS MEDIA CON EFUSION UNI O BILATERAL",184800,196937,203805,25,Cirugia
1302009,OPERACION RADICAL DE OIDO,715050,813344,841575,25,Cirugia
1302011,RECONSTITUCION FUNCIONAL DE OIDO RADICALIZADO,961800,1075314,1112685,25,Cirugia
1302012,TIMPANOPLASTIA FUNCIONAL (CUALQUIER TIPO) C/S MASTOIDECTOMIA,715050,813344,841575,25,Cirugia
1302013,RECONSTITUCION PLASTICA DE CONDUCTO AUDITIVO EXTERNO CARTILAGINOSO,715050,813344,841575,25,Cirugia
1302014,"EXOSTOSIS U OSTEOMA OIDO MEDIO O EXTERNO, RESECCION POR CUALQUIER VIA",715050,813344,841575,25,Cirugia
1302015,NEURECTOMIA DE JACOBSON,715050,813344,841575,25,Cirugia
1302016,"RECONSTITUCION DE CONDUCTO AUDITIVO EXTERNO, C/S TIMPANOPLASTIA (INCLUYE REVISION DE CADENA OSICULAR)",715050,813344,841575,25,Cirugia
1302017,TRATAMIENTO QUIRURGICO DE TUMOR GLOMICO TIMPANICO,715050,813344,841575,25,Cirugia
1302018,LABERINTECTOMIA,715050,813344,841575,25,Cirugia
1302019,"NEURINOMA DEL ACUSTICO, TRAT. QUIR. VIA TRANSLABERINTICA Y/O FOSA MEDIA",961800,1075314,1112685,25,Cirugia
1302020,DESCOMPRESION INTRAOSEA NERVIO FACIAL C/S PLASTIA,572250,649892,672525,25,Cirugia
1302021,"LESIONES A NIVEL DEL CONDUCTO AUDITIVO INTERNO, TRAT. QUIR.",715050,813344,841575,25,Cirugia
1302022,BIOPSIA BUCO-FARINGEA (PROC. AUT.),140700,157500,163065,25,Cirugia
1302023,SECCION Y/O RESECCION FRENILLOS CAVIDAD BUCAL,140700,157500,163065,25,Cirugia
1302024,DRENAJE DE ABSCESO O FLEGMON DE PISO DE BOCA,119700,105081,140490,25,Cirugia
1302025,DRENAJE DE ABSCESO O FLEGMON PERIAMIGDALIANO,119700,105081,140490,25,Cirugia
1302026,DRENAJE DE ABSCESO O FLEGMON RETROFARINGEO O FARINGOLARINGEO,140700,157500,163065,25,Cirugia
1302028,ADENOIDECTOMIA (PROC. AUT.),368550,418736,433335,25,Cirugia
1302029,"AMIGDALECTOMIA C/S ADENOIDECTOMIA, UNI O BILATERAL",368550,418736,433335,25,Cirugia
1302030,EXTRACCION DE CALCULOS O TAPONES SALIVALES,119700,105081,140490,25,Cirugia
1302031,"TUMOR BENIGNO DE LA MUCOSA BUCAL, EXTIRP. C/S BIOPSIA BUCOFARINGEA",119700,105081,140490,25,Cirugia
1302032,"TUMOR MALIGNO DE LAS AMIGDALAS, TRAT. QUIR.",715050,813344,841575,25,Cirugia
1302033,EXTIRPACION DE TUMOR BENIGNO DE LA BASE DE LA LENGUA,572250,649892,672525,25,Cirugia
1302034,EXTIRPACION TUMOR MALIGNO DE BASE DE LENGUA,1130850,1285969,1330665,25,Cirugia
1302035,"FARINGOPLASTIA (CUALQ. TECN.), C/S DESPLAZAMIENTO DE COLGAJOS",961800,1075314,1112685,25,Cirugia
1302036,"FIBROANGIOMA DEL RINOFARINX, TRAT. QUIR.",1130850,1285969,1330665,25,Cirugia
1302037,GLOSECTOMIA TOTAL,1130850,1285969,1330665,25,Cirugia
1302038,"ABSCESOS Y HEMATOMA DEL TABIQUE NASAL, TRAT. QUIR.",140700,157500,163065,25,Cirugia
1302039,"ARTERIA ESFENOPALATINA, CAUTERIZACION POR VIA NASAL",227850,260010,269115,25,Cirugia
1302040,"ARTERIA MAXILAR INTERNA, LIGADURA DE (POR VIA TRANSMAXILAR)",572250,649892,672525,25,Cirugia
1302041,Ligadura de arterias etmoidales anteriores,227850,260010,269115,25,Cirugia
1302042,"TURBINECTOMIA O CAUTERIZACION DE CORNETES, CUALQUIER TECNICA",227850,260010,269115,25,Cirugia
1302043,"CONDUCTO Y/O SENO LAGRIMAL, OBSTRUCCION DEL, TRAT. QUIR. POR VIA NASAL",368550,418736,433335,25,Cirugia
1302044,ETMOIDECTOMIA ENDO O EXONASAL,715050,813344,841575,25,Cirugia
1302045,TRATAMIENTO QUIRURGICO DE LAS FISTULAS BUCO-SINUSALES O BUCO-NASALES Y/O RETIRO CUERPOS EXTRAÑOS DEL SENO MAXILAR,368550,418736,433335,25,Cirugia
1302046,"FRACT. NASAL RECIENTE, CERRADA O EXPUESTA, REDUCCION C/S INMOVILIZACION",140700,157500,163065,25,Cirugia
1302047,"NERVIO VIDIANO, SECCION DEL (POR CUALQUIER VIA)",572250,649892,672525,25,Cirugia
1302048,"PERFORACION DEL TABIQUE, TRAT. QUIR.",227850,260010,269115,25,Cirugia
1302049,TRATAMIENTO QUIRURGICO POLIPO NASAL,184800,196937,203805,25,Cirugia
1302050,"RINITIS ATROFICA, TRAT. POR INCLUSION SUBMUCOSA, CON CUALQUIER MATERIAL, UNI O BILATERAL",368550,418736,433335,25,Cirugia
1302051,"RINOFIMA, TRAT. QUIR.",572250,649892,672525,25,Cirugia
1302052,"RINOPLASTIA Y/O SEPTOPLASTIA, CUALQUIER TECNICA",572250,649892,672525,25,Cirugia
1302053,"SENO ESFENOIDAL, ABERTURA POR CUALQUIER VIA",572250,649892,672525,25,Cirugia
1302054,"TRATAMIENTO QUIRURGICO DE SENO FRONTAL, CUALQUIER VIA",368550,418736,433335,25,Cirugia
1302055,"ANTROSTOMIA SENO MAXILAR, CUALQUIER VIA",572250,649892,672525,25,Cirugia
1302056,"SINEQUIA NASAL, TRAT. QUIR.",140700,157500,163065,25,Cirugia
1302057,"TUMOR NASAL, EXTIRP. POR RINOTOMIA LATERAL",368550,418736,433335,25,Cirugia
1302058,VACIAMIENTO ETMOIDAL POR VIA NASAL C/S POLIPECTOMIA,368550,418736,433335,25,Cirugia
1302059,ARITENOIDECTOMIA VIA ENDOSCOPICA,227850,260010,269115,25,Cirugia
1302060,ARITENOIDECTOMIA VIA EXTERNA,572250,649892,672525,25,Cirugia
1302061,DECORTICACION DE CUERDAS VOCALES C/MICROSCOPIO,572250,649892,672525,25,Cirugia
1302062,"TUMOR BENIGNO DE CUERDAS VOCALES, TRAT. QUIRURGICO POR VIA ABIERTA",184800,196937,203805,25,Cirugia
1302063,"TUMOR BENIGNO DE CUERDAS VOCALES, TRAT. QUIRURGICO POR VIA ENDOSCOPICA",184800,196937,203805,25,Cirugia
1302064,"CORDECTOMIA, RESECCION DE SINEQUIA Y OTRAS MALFORMACIONES, TRAT. QUIRURGICO POR VIA EXTERNA",368550,418736,433335,25,Cirugia
1302065,"ESTENOSIS LARINGOTRAQUEALES Y/O FARINGEAS, TRAT. QUIR. POR VIA ABIERTA (INCLUYE RECONSTRUCCION LARINGOTRAQUEAL)",572250,649892,672525,25,Cirugia
1302066,LARINGECTOMIA PARCIAL O SUBTOTAL (CUALQUIER TECNICA),961800,1075314,1112685,25,Cirugia
1302067,LARINGECTOMIA TOTAL MAS FARINGECTOMIA PARCIAL,1365000,1543934,1597575,25,Cirugia
1302068,LARINGECTOMIA TOTAL MAS FARINGECTOMIA TOTAL Y/O ESOFAGECTOMIA CERVICAL,2116800,2571936,2661330,25,Cirugia
1302069,"LARINGOCELE, TRAT. QUIR.",368550,418736,433335,25,Cirugia
1302070,"PAPILOMAS LARINGEOS, TRAT. QUIR. (POR SESION)",140700,157500,163065,25,Cirugia
1302071,"PARALISIS DE CUERDAS VOCALES, TRAT. QUIR. CUALQUIER TECNICA",368550,418736,433335,25,Cirugia
1302072,TRAQUEOSTOMIA (PROC. AUT.),368550,418736,433335,25,Cirugia
1302073,"ESTENOSIS LARINGOTRAQUEALES Y FARINGEAS, TRAT. QUIR. POR VIA ENDOSCOPICA (INCLUYE LASER)",184800,196937,203805,25,Cirugia
1302074,INTERVENCION QUIRURGICA IMPLANTE COCLEAR,1921500,2164284,2239440,25,Cirugia
1402001,TIROIDECTOMIA BILATERAL TOTAL,715050,813344,841575,25,Cirugia
1402002,TIROIDECTOMIA BILATERAL SUBTOTAL,715050,813344,841575,25,Cirugia
1402003,"BOCIO INTRATORACICO, TRAT. QUIR. POR ESTERNOTOMIA",1130850,1285969,1330665,25,Cirugia
1402004,EXTIRPACION DE TIROIDES LINGUAL,1130850,1285969,1330665,25,Cirugia
1402005,LOBECTOMIA CON O SIN ISTMECTOMIA O RESECCION PARCIAL,572250,649892,672525,25,Cirugia
1402006,TIROIDECTOMIA TOTAL AMPLIADA (INCLUYE EXTIRPACION DE ESTRUCTURAS ANATOMICAS VECINAS),1130850,1285969,1330665,25,Cirugia
1402007,AUTOTRANSPLANTE DE PARATIROIDES (OPERACION ASOCIADA A ALGUNAS DE LAS PRESTACIONES DE TIROIDES Y PARATIROIDES),572250,649892,672525,25,Cirugia
1402008,"PARATIROIDECTOMIA O EXPLORACION PARATIROIDES CON EXPLORACION DE MEDIASTINO, ABORDAJE TRANSTORACICO.",1130850,1285969,1330665,25,Cirugia
1402009,"PARATIROIDECTOMIA O EXPLORACION DE PARATIROIDES (ABORDAJE CERVICAL, CLASICO O MINIMAMENTE INVASIVO)",715050,813344,841575,25,Cirugia
1402010,REEXPLORACION CERVICAL PARATIROIDES POR PERSISTENCIA O RECIDIVA HIPERPARATIROIDISMO,1130850,1285969,1330665,25,Cirugia
1402011,PAROTIDECTOMIA SUPRAFACIAL CON DISECCION Y PRESERVACION DEL NERVIO FACIAL,572250,649892,672525,25,Cirugia
1402012,"PAROTIDECTOMIA TOTAL, CON DISECCION Y PRESERVACION DEL NERVIO FACIAL.",715050,813344,841575,25,Cirugia
1402013,"PAROTIDECTOMIA TOTAL AMPLIADA (INCLUYE MUSCULOS, GANGLIOS, ARTICULACIONES Y RAMA VERTICAL DE LA MANDIBULA)",1130850,1285969,1330665,25,Cirugia
1402014,TOTALIZACION DE PAROTIDECTOMIA PREVIA O PAROTIDECTOMIA DEL LOBULO PROFUNDO,1130850,1285969,1330665,25,Cirugia
1402015,"EXTIRPACION SUBMANDIBULAR AMPLIADA (INCLUYE PISO DE BOCA, ARCO MANDIBULAR ,MUSCULOS Y ARTICULACIONES)",961800,1075314,1112685,25,Cirugia
1402016,EXTIRPACION DE GLANDULA SALIVAL SUBMANDIBULAR,572250,649892,672525,25,Cirugia
1402017,EXTIRPACION GLANDULA SALIVAL SUBLINGUAL,368550,418736,433335,25,Cirugia
1402018,"EXTIRPACION SUBLINGUAL AMPLIADA (INCLUYE PISO DE BOCA, ARCO MANDIBULAR, MUSCULOS, GANGLIOS Y ARTICULACIONES)",961800,1075314,1112685,25,Cirugia
1402019,"ABSCESO PAROTIDEO SUBMAXILAR Y/O CERVICAL PROFUNDO, TRAT.QUIR.",184800,196937,203805,25,Cirugia
1402020,"CONDUCTOS SALIVALES DE EXCRECION, REIMPLANTACION ORO-FARINGEA",368550,418736,433335,25,Cirugia
1402021,CIERRE DE FISTULA SALIVAL: REPARACION DEL CONDUCTO DE EXCRECION,184800,196937,203805,25,Cirugia
1402022,EXTIRPACION DE QUISTE O MUCOCELE DE GLANDULA SALIVAL MENOR DE LABIOS,140700,157500,163065,25,Cirugia
1402023,TRATAMIENTO QUIRURGICO TORTICOLIS CONGENITA,572250,649892,672525,25,Cirugia
1402024,"QUISTES Y/O FISTULAS DEL CONDUCTO TIROGLOSO, Y/O BRANQUIAL, Y/O HIGROMA, Y/O FISTULA PREAURICULAR COMPLICADA, Y/U OTROS QUISTES Y/O TUMORES BENIGNOS, TRAT. QUIR.",572250,649892,672525,25,Cirugia
1402025,"TUMORES DEL CUERPO CAROTIDEO, TRAT. QUIR. (INCL. PROC. VASCULAR)",715050,813344,841575,25,Cirugia
1402026,"BIOPSIA QUIR., MUCOSA ORONASOFARINGEA (PROC. AUT.)",140700,157500,163065,25,Cirugia
1402027,"BIOPSIA QUIR., PIEL Y MUCOSA CARA (PROC. AUT.)",140700,157500,163065,25,Cirugia
1402028,"RESECCION CUTANEA AMPLIADA (INCLUYE MUSCULATURA, GANGLIOS Y HUESOS SUBYACENTES, DESPLAZAMIENTO DE COLGAJOS)",572250,649892,672525,25,Cirugia
1402029,RESECCION CUTANEA SIMPLE (SUTURA PRIMARIA),184800,196937,203805,25,Cirugia
1402030,"TUMOR MALIGNO DE LABIO SUPERIOR O INFERIOR, RESECCION TOTAL DEL LABIO Y CIRUGIA REPARADORA",572250,649892,672525,25,Cirugia
1402031,"TUMOR MALIGNO DE LABIO SUPERIOR O INFERIOR, RESECCION PARCIAL DEL LABIO Y CIRUGIA REPARADORA",572250,649892,672525,25,Cirugia
1402032,RESECCION PARCIAL Y CIRUGIA REPARADORA NARIZ,368550,418736,433335,25,Cirugia
1402033,RESECCION TOTAL Y CIRUGIA REPARADORA NARIZ,572250,649892,672525,25,Cirugia
1402034,EXTIRPACION AMPLIADA DE NARIZ INCLUYENDO PARTE ESQUELETO FACIAL (NASO-ETMOIDIANA),961800,1075314,1112685,25,Cirugia
1402035,"EXANTERACION ORBITARIA AMPLIADA (INCLUYE ETMOIDES, HUESO FRONTAL, BASE DE CRANEO ANTERIOR Y REGION MAXILO-MALAR)",1921500,2164284,2239440,25,Cirugia
1402036,Extirpacion total ampliada del hueso temporal,1573950,1860980,1925700,25,Cirugia
1402037,MAXILECTOMIA PARCIAL Y REPARACION PROTESICA,715050,813344,841575,25,Cirugia
1402038,"MAXILECTOMIA PARCIAL (INCLUYE PALADAR OSEO, REPARACION CON COLGAJO)",715050,813344,841575,25,Cirugia
1402039,MAXILECTOMIA RADICAL AMPLIADA (INCLUYE EXANTERACION ORBITARIA Y DE FOSA CRANEAL ANTERIOR O MEDIA),1921500,2164284,2239440,25,Cirugia
1402040,MAXILECTOMIA RADICAL CLASICA (INCLUYE EXANTERACION ORBITARIA Y REPARACION CON COLGAJO),1365000,1543934,1597575,25,Cirugia
1402041,MAXILECTOMIA RADICAL CLASICA (INCLUYE EXANTERACION ORBITARIA Y REPARACION PROTESICA),1365000,1543934,1597575,25,Cirugia
1402042,"GLOSECTOMIA PARCIAL, REPARACION PRIMARIA",572250,649892,672525,25,Cirugia
1402043,RESECCION AMPLIA DE TUMOR MALIGNO CAVIDAD ORAL Y OROFARINGEA Y DISECCION GANGLIONAR CERVICAL,715050,813344,841575,25,Cirugia
1402044,HEMIMANDIBULECTOMIA,715050,813344,841575,25,Cirugia
1402045,MANDIBULECTOMIA TOTAL,1130850,1285969,1330665,25,Cirugia
1402046,"OPERACION ""COMANDO"" (INCLUYE EXTIRP. DEL TUMOR, HEMIMANDIBULECTOMIA Y DISECCION GANGLIONAR RADICAL DE CUELLO)",2116800,2571936,2661330,25,Cirugia
1402047,RESECCION PARCIAL DE MANDIBULA,368550,418736,433335,25,Cirugia
1402048,EXTIRPACION DE TUMOR INTRAORAL AMPLIA EN TERCIO POSTERIOR CAVIDAD ORAL (REGION FARINGEA),961800,1075314,1112685,25,Cirugia
1402050,FARINGECTOMIA PARCIAL,572250,649892,672525,25,Cirugia
1402051,GENIOPLASTIA,572250,649892,672525,25,Cirugia
1402052,OSTEOTOMIAS SEGMENTARIAS DEL MAXILAR O MANDIBULA,572250,649892,672525,25,Cirugia
1402053,Osteotomias totales del maxilar o mandibula (tipo Le Fort I o sagital de rama),715050,813344,841575,25,Cirugia
1402054,REDUCCION CERRADA DE FRACTURAS MAXILOFACIALES,227850,260010,269115,25,Cirugia
1402055,REDUCCION ABIERTA DE FRACTURAS MAXILOFACIALES Y ESTABILIZACION CON ELEMENTOS DE OSTEOSINTESIS,368550,418736,433335,25,Cirugia
1402056,REDUCCION ABIERTA DE FRACTURAS MAXILOFACIALES CON OSTEOSINTESIS UNICA,227850,260010,269115,25,Cirugia
1402057,"RECONSTRUCCIONES COMPLEJAS DE LA CARA SIMULTANEAS CON PROC. NEUROQUIRURGICO (CRANEOTOMIAS MAS ABORDAJES Y TRAT. FACIAL), TIEMPO FACIAL",1365000,1543934,1597575,25,Cirugia
1402058,"RECONSTRUCCIONES DE PARTES DURAS Y BLANDAS DE LA CARA, MEDIANTE ABORDAJES MULTIPLES Y HEMICORONAL O CORONAL",715050,813344,841575,25,Cirugia
1402059,REMOCION DE ARCOS DENTARIOS O LIGADURAS DE ALAMBRE,227850,260010,269115,25,Cirugia
1402060,REMOCION SIMPLE (PROC.AUT.),184800,196937,203805,25,Cirugia
1502001,"HERIDAS DE LA CARA COMPLICADAS: 1 O VARIAS DE MAS DE 5 CMS. Y/O UBICADAS EN BORDES DE PARPADOS, LABIOS O ALA NASAL Y/O QUE COMPROMETEN MUSCULOS, CONDUCTOS, VASOS O NERVIOS",227850,260010,269115,25,Cirugia
1502002,HERIDAS DE LA CARA SIMPLES: 1 O VARIAS DE HASTA 5 CMS. QUE SOLO COMPROMETEN PIEL,140700,157500,163065,25,Cirugia
1502003,IMPLANTE DE SILICONA FACIAL (CUALQUIER ZONA O ZONAS),227850,260010,269115,25,Cirugia
1502004,RESECCION PLASTICA DE HASTA 2 CICATRICES (CUALQUIER LOCALIZACION O TAMAÑO),184800,196937,203805,25,Cirugia
1502005,RESECCION PLASTICA DE 3 O MAS CICATRICES (CUALQUIER LOCALIZACION O TAMAÑO),227850,260010,269115,25,Cirugia
1502006,INJERTOS HASTA 1% SUPERFICIE CORPORAL RECEPTORA,184800,196937,203805,25,Cirugia
1502007,INJERTOS HASTA 5% SUPERFICIE CORPORAL RECEPTORA,227850,260010,269115,25,Cirugia
1502008,Injertos hasta 10% superficie corporal receptora,368550,418736,433335,25,Cirugia
1502009,INJERTOS POR CADA 10% (O SU FRACCION) ADICIONAL HASTA 50%,572250,649892,672525,25,Cirugia
1502010,INJERTOS 51% Y MAS DE SUPERFICIE CORPORAL RECEPTORA,2116800,2571936,2661330,25,Cirugia
1502011,"PIEL TOTAL, CUALQUIER TAMAÑO (INCLUYE TRATAMIENTO ZONA DADORA Y RECEPTORA)",961800,1075314,1112685,25,Cirugia
1502012,"TOMA DE INJERTOS CARTILAGO (AURICULAR, COSTAL O SIMILARES) C/U",227850,260010,269115,25,Cirugia
1502013,"TOMA DE INJERTOS-OSEO (COSTAL, ILIACO, TIBIAL O SIMILARES) C/U.",368550,418736,433335,25,Cirugia
1502014,"PLASTIAS EN Z, HASTA 3",227850,260010,269115,25,Cirugia
1502015,"PLASTIAS EN Z, 4 Y MAS",368550,418736,433335,25,Cirugia
1502016,"COLGAJOS COMPLEJOS (ABBE, MUSTARDA, CONVERSE, JURI, BAKAMJIAN O SIMILAR)",715050,813344,841575,25,Cirugia
1502017,COLGAJOS LIBRES CON MICROANASTOMOSIS (INCLUYE TOMA DEL COLGAJO Y LAS SUTURAS NEUROVASCULARES),1130850,1285969,1330665,25,Cirugia
1502018,COLGAJOS MUSCULARES O MUSCULOCUTANEOS,715050,813344,841575,25,Cirugia
1502019,COLGAJOS OSTEOMUSCULOCUTANEOS,961800,1075314,1112685,25,Cirugia
1502020,COLGAJOS SIMPLES DOS O MAS,572250,649892,672525,25,Cirugia
1502021,COLGAJO SIMPLE UNICO,368550,418736,433335,25,Cirugia
1502022,"PARALISIS FACIAL, TRASPLANTES MUSCULARES",572250,649892,672525,25,Cirugia
1502023,"RIDECTOMIA CERVICO-FACIAL, UN LADO",572250,649892,672525,25,Cirugia
1502024,RIDECTOMIA FRONTAL,368550,418736,433335,25,Cirugia
1502025,"OREJAS ALADAS O EN ASA, CORRECCION PLASTICA",227850,260010,269115,25,Cirugia
1502026,"LOBULO AURICULAR PARTIDO, CORRECCION PLASTICA (PROC. AUT)",184800,196937,203805,25,Cirugia
1502027,"MALFORMACION CONGENITA COMPLEJA EN OREJAS, CADA PLASTIA O PLASTIAS EN TIEMPOS DIFERENTES",368550,418736,433335,25,Cirugia
1502028,"CORRECCION NASAL PARCIAL (ALARES, ALARGAMIENTO COLUMELA O SIMILAR)",368550,418736,433335,25,Cirugia
1502029,"BLEFAROPLASTIA PARPADOS INFERIORES, UNI O BILATERAL",368550,418736,433335,25,Cirugia
1502030,"BLEFAROPLASTIA PARPADOS SUPERIORES, UNI O BILATERAL",368550,418736,433335,25,Cirugia
1502031,CORRECCION QUIRURGICA SECUNDARIA DE QUEILOPLASTIA,368550,418736,433335,25,Cirugia
1502032,"QUEILOPLASTIA PRIMARIA, UN LADO ( PROC. QUIR. COMPLETO POR CUALQUIER TECNICA)",368550,418736,433335,25,Cirugia
1502033,CIERRE DE PALADAR DURO Y/O CIERRE DE COMUNICACION ORO-NASAL,368550,418736,433335,25,Cirugia
1502034,CIERRE MUCOSO VESTIBULO ORAL O GINGIVO-PERIOSTIO-PLASTIA,368550,418736,433335,25,Cirugia
1502035,PLASTIA DE VELO (CUALQUIER TECNICA),368550,418736,433335,25,Cirugia
1502036,"CIERRE DE MACROSTOMIA, UNILATERAL",368550,418736,433335,25,Cirugia
1502037,TRATAMIENTO QUIRURGICO DE ANOMALIAS CRANEO FACIALES,715050,813344,841575,25,Cirugia
1502038,RECONSTRUCCION OSTEOPLASTICA REBORDE ALVEOLAR BILATERAL EN UN TIEMPO,572250,649892,672525,25,Cirugia
1502039,RECONSTRUCCION OSTEOPLASTICA REBORDE ALVEOLAR UNILATERAL,368550,418736,433335,25,Cirugia
1502040,DISTOPLASIAS ORBITARIAS: MOVILIZACION UNILATERAL O VERTICAL TIEMPO FACIAL,1573950,1860980,1925700,25,Cirugia
1502041,EXPANSION O RECONSTRUCCION DE UN MICRO-ORBITISMO,1573950,1860980,1925700,25,Cirugia
1502042,"SINDROME DE APERT CROUZON O SIMILAR: AVANCE FRONTO-ORBITO-MAXILAR VIA INTRACRANEANA, TIEMPO FACIAL",1921500,2164284,2239440,25,Cirugia
1502043,SINDROME DE APERT CROUZON O SIMILAR: OSTEOTOMIA TIPO LE FORT III O SIMILAR,1921500,2164284,2239440,25,Cirugia
1502044,CORRECCION TELECANTO,572250,649892,672525,25,Cirugia
1502045,MOVILIZACION ORBITARIA EXTRACRANEANA,1573950,1860980,1925700,25,Cirugia
1502046,"MOVILIZACION ORBITARIA INTRACRANEANA, TIEMPO FACIAL",2116800,2571936,2661330,25,Cirugia
1502047,"GINECOMASTIA, CORRECCION PLASTICA",368550,418736,433335,25,Cirugia
1502048,MAMOPLASTIA DE AUMENTO (UNILATERAL),572250,649892,672525,25,Cirugia
1502049,MAMOPLASTIA DE REDUCCION,572250,649892,672525,25,Cirugia
1502050,MASTOPEXIA C/S IMPLANTE DE PROTESIS (NO INCLUYE VALOR DE LA PROTESIS),572250,649892,672525,25,Cirugia
1502051,RECONSTRUCCION AREOLA Y/O PEZON C/S PLASTIA (PROC. AUT.),368550,418736,433335,25,Cirugia
1502052,RECONSTRUCCION MAMARIA,715050,813344,841575,25,Cirugia
1502053,Abdominoplastia,572250,649892,672525,25,Cirugia
1502054,ESCARECTOMIA CON RESECCION OSEA C/S COLGAJO DE ROTACION,715050,813344,841575,25,Cirugia
1502055,"TRATAMIENTO DE ESCARAS DE DECUBITO, CON RESECCION OSEA Y COLGAJOS MUSCULARES O MUSCULOCUTANEOS",715050,813344,841575,25,Cirugia
1502056,"SINDACTILIA, TRAT. QUIR. CADA ESPACIO CON INJERTO",368550,418736,433335,25,Cirugia
1502057,"SINDACTILIA, TRAT. QUIR. CADA ESPACIO SIN INJERTO",227850,260010,269115,25,Cirugia
1502058,"POLIDACTILIA, EXTIRPACION Y PLASTIA UNILATERAL",368550,418736,433335,25,Cirugia
1502059,"LIPECTOMIA GLUTEA, UNILATERAL",572250,649892,672525,25,Cirugia
1502060,"LIPECTOMIA TROCANTEREA, UNILATERAL",572250,649892,672525,25,Cirugia
1502061,ESCAROTOMIA HASTA 10 % SUPERFICIE CORPORAL,227850,260010,269115,25,Cirugia
1502062,ESCAROTOMIA POR CADA 10 % ADICIONAL (O SU FRACCION),140700,157500,163065,25,Cirugia
1502063,ESCARECTOMIA HASTA 1 % SUPERFICIE CORPORAL,184800,196937,203805,25,Cirugia
1502064,ESCARECTOMIA HASTA 5 % SUPERFICIE CORPORAL,227850,260010,269115,25,Cirugia
1502065,ESCARECTOMIA HASTA 10% SUPERFICIE CORPORAL,368550,418736,433335,25,Cirugia
1502066,ESCARECTOMIA POR CADA 10% ADICIONAL (O SU FRACCION) (SE COBRARA COD. AD. UNA SOLA VEZ POR SUPERFICIE ENTRE EL 11% Y 50%).,572250,649892,672525,25,Cirugia
1601115,"IMPLANTES SUBCUTANEOS, INSTALACION O RETIRO",140700,157500,163065,25,Cirugia
1601124,"TRATAMIENTO POR LASER, IPL O SIMILAR POR AREA HASTA 16 CM2 POR SESION",140700,157500,163065,25,Cirugia
1602201,BIOPSIA DE PIEL Y/O MUCOSA POR CURETAJE O SECCION TANGENCIAL C/S ELECTRO POR 1 LESION,140700,157500,163065,25,Cirugia
1602202,"CABEZA, CUELLO, GENITALES HASTA 3 LESIONES: EXTIRPACION, REPARACION O BIOPSIA, TOTAL O PARCIAL, DE LESIONES BENIGNAS CUTANEAS POR EXCISION",140700,157500,163065,25,Cirugia
1602203,"RESTO DEL CUERPO HASTA 3 LESIONES: EXTIRPACION, REPARACION O BIOPSIA, TOTAL O PARCIAL, DE LESIONES BENIGNAS CUTANEAS POR EXCISION",140700,157500,163065,25,Cirugia
1602204,"CABEZA, CUELLO Y GENITALES DESDE 4 Y HASTA 6 LESIONES: EXTIRPACION, REPARACION O BIOPSIA, TOTAL O PARCIAL, DE LESIONES BENIGNAS CUTANEAS POR EXCISION",140700,157500,163065,25,Cirugia
1602205,"RESTO DEL CUERPO DESDE 4 Y HASTA 6 LESIONES: EXTIRPACION, REPARACION O BIOPSIA, TOTAL O PARCIAL, DE LESIONES BENIGNAS CUTANEAS POR EXCISION",140700,157500,163065,25,Cirugia
1602206,"EXTIRPACION DE LESIONES BENIGNAS POR SEC TANGENCIAL, CURETAJE Y/O FULGURACION HASTA 15 LESIONES",140700,157500,163065,25,Cirugia
1602207,TRATAMIENTO POR ELECTRO DE HEMANGIOMAS O TELANGECTASIAS HASTA 15 LESIONES,140700,157500,163065,25,Cirugia
1602211,"CABEZA, CUELLO, GENITALES: TRATAMIENTO QUIRURGICO DE TUMOR MALIGNO POR ESCISION TOTAL O PARCIAL, CON O SIN SUTURA, POR CADA LESION O MELANOMA CUALQUIER LOCALIZACION",184800,196937,203805,25,Cirugia
1602212,"RESTO DEL CUERPO: TRATAMIENTO QUIRURGICO DE TUMOR MALIGNO POR ESCISION TOTAL O PARCIAL, CON O SIN SUTURA, POR CADA LESION",184800,196937,203805,25,Cirugia
1602213,"CABEZA, CUELLO, GENITALES O MELANOMA CUALQUIER UBICACION: AMPLIACION DE MARGENES QUIRURGICOS DE TUMOR MALIGNO EXTIRPADO PREVIAMENTE",140700,157500,163065,25,Cirugia
1602214,RESTO DEL CUERPO: AMPLIACION DE MARGENES QUIRURGICOS DE TUMOR MALIGNO EXTIRPADO PREVIAMENTE,140700,157500,163065,25,Cirugia
1602215,"Tumores vasculares profundos cabeza, cuello, genitales",184800,196937,203805,25,Cirugia
1602216,TUMORES VASCULARES PROFUNDOS RESTO DEL CUERPO,184800,196937,203805,25,Cirugia
1602221,"HERIDA CORTANTE O CONTUSA COMPLICADA, REPARACION Y SUTURA (MAS DE 5 CM)",184800,196937,203805,25,Cirugia
1602222,"HERIDA CORTANTE O CONTUSA NO COMPLICADA, REPARACION Y SUTURA (UNA O MULTIPLE HASTA 5 CMS. DE LARGO TOTAL QUE COMPROMETA SOLO LA PIEL)",140700,157500,163065,25,Cirugia
1602223,"CABEZA, CUELLO, GENITALES: EXTIRPACION DE LESION BENIGNA SUBEPIDERMICA, INCLUYE TUMOR SOLIDO, QUISTE EPIDERMICO Y LIPOMA POR LESION",140700,157500,163065,25,Cirugia
1602224,"RESTO DEL CUERPO: EXTIRPACION DE LESION BENIGNA SUBEPIDERMICA, INCLUYE TUMOR SOLIDO, QUISTE EPIDERMICO Y LIPOMA POR LESION",140700,157500,163065,25,Cirugia
1602225,VACIAMIENTO Y CURETAJE QUIRURGICO DE LESIONES QUISTICAS O ABSCESOS,140700,157500,163065,25,Cirugia
1602231,ONICECTOMIA TOTAL O PARCIAL SIMPLE,140700,157500,163065,25,Cirugia
1602232,CIRUGIA REPARADORA UNGUEAL POR PROCESO INFLAMATORIO,140700,157500,163065,25,Cirugia
1602233,CORRECCION QUIRURGICA DE DEFECTO CONGENITO O POR TUMOR UNGUEAL,140700,157500,163065,25,Cirugia
1602240,"CURACION POR MEDICO, QUEMADURA O SIMILAR MENOR AL 5% SUPERFICIE CORPORAL EN PABELLON",119700,105081,140490,25,Cirugia
1602241,"CURACION POR MEDICO, QUEMADURA O SIMILAR 5 A 10% SUPERFICIE CORPORAL EN PABELLON",184800,196937,203805,25,Cirugia
1602242,"CURACION POR MEDICO, QUEMADURA O SIMILAR MAYOR AL 10 % SUPERFICIE CORPORAL EN PABELLON",572250,649892,672525,25,Cirugia
1701019,CINECORONARIOGRAFIA DERECHA Y/O IZQUIERDA (INCLUYE VENTRICULOGRAFIA IZQUIERDA) (A.C. 04-02-030),227850,260010,269115,25,Cirugia
1701020,"VENTRICULOGRAFIA DERECHA (INCLUYE SONDEO CARDIACO DERECHO), EN ADULTOS O NIÑOS ( A.C. 04-02-033)",227850,260010,269115,25,Cirugia
1701021,"VENTRICULOGRAFIA IZQUIERDA (INCLUYE EL SONDEO CARDIACO IZQUIERDO) , EN ADULTOS O NIÑOS (A.C.04-02-033)",227850,260010,269115,25,Cirugia
1701031,ANGIOPLASTIA INTRALUMINAL CORONARIA PROCEDIMIENTO CARDIOLOGICO (A.C.04-02-022),368550,418736,433335,25,Cirugia
1701032,ANGIOPLASTIA INTRALUMINAL PERIFERICA PROCEDIMIENTO CARDIOLOGICO (A.C.04-02-023),368550,418736,433335,25,Cirugia
1701033,BIOPSIA ENDOMIOCARDICA (PROC. COMPLETO),184800,196937,203805,25,Cirugia
1701037,PUNCION SUBCLAVIA O YUGULAR CON COLOCACION DE CATETER,184800,196937,203805,25,Cirugia
1701038,SEPTOSTOMIA DE RASHKIND O CON CONTROLADA CON BALON,184800,196937,203805,25,Cirugia
1701039,TROMBOLISIS ARTERIAL PERIFERICA,184800,196937,203805,25,Cirugia
1701040,TROMBOLISIS INTRACORONARIA,184800,196937,203805,25,Cirugia
1701041,VALVULOPLASTIA MITRAL (A.C. 04-02-033),227850,260010,269115,25,Cirugia
1701042,"VALVULOPLASTIA AORTICA Y/O PULMONAR, C/U (A.C. 04-02-033)",227850,260010,269115,25,Cirugia
1701043,ANGIOPLASTIA DE COARTACION AORTICA (A.C. 04-02-033),227850,260010,269115,25,Cirugia
1701046,ESTUDIO ELECTROFISIOLOGICO ENDOCARDIACO DE LAS ARRITMIAS,227850,260010,269115,25,Cirugia
1701050,ABLACION CON CORRIENTE CONTINUA O RADIOFRECUENCIA DE NODULO AURICULO-VENTRICULAR,227850,260010,269115,25,Cirugia
1701051,ABLACION CON CORRIENTE CONTINUA O CON RADIOFRECUENCIA DE VIAS ACCESORIAS Y OTROS,227850,260010,269115,25,Cirugia
1701055,ECOCARDIOGRAMA BIDIMENSIONAL DOPPLER COLOR TRANSESOFAGICO,184800,196937,203805,25,Cirugia
1701078,INSTALACION DE CATETER CON RESERVORIO SUBCUTANEO (CATETER DE QMT),227850,260010,269115,25,Cirugia
1701079,RETIRO DE CATETER CON RESERVORIO SUBCUTANEO (CATETER DE QMT),227850,260010,269115,25,Cirugia
1703001,"EMBOLECTOMIA Y/O TROMBECTOMIA, UNILATERAL, MIEMBRO SUPERIOR O INFERIOR (PROC. AUT.)",961800,1075314,1112685,25,Cirugia
1703002,"FISTULA ARTERIOVENOSA CONGENITA O TRAUMATICA, REPAR. QUIR.",715050,813344,841575,25,Cirugia
1703003,FISTULA ARTERIOVENOSA (DE BRESCIA O SIMILAR),715050,813344,841575,25,Cirugia
1703005,REPARACION QUIRURGICA DE VASOS ARTERIALES Y/O VENOSOS INTRA-ABDOMINALES O INTRA-TORACICOS C/S INJERTO (BIOLOGICOS O SINTETICOS),1365000,1543934,1597575,25,Cirugia
1703006,REPARACION QUIRURGICA DE VASOS ARTERIALES Y/O VENOSOS PERIFERICOS C/S INJERTO (BIOLOGICOS O SINTETICOS),961800,1075314,1112685,25,Cirugia
1703007,ANEURISMA AORTICO-ABDOMINAL TRAT. QUIR.,1921500,2164284,2239440,25,Cirugia
1703008,"ANEURISMAS PERIFERICOS, TRAT. QUIR.",715050,813344,841575,25,Cirugia
1703009,ANEURISMA TORACO-ABDOMINAL TRAT. QUIR.,2415000,2694409,2788065,25,Cirugia
1703010,"PUENTE AORTO-BIFEMORAL, PUENTES DE TRONCOS SUPRA-AORTICOS",1365000,1543934,1597575,25,Cirugia
1703011,PUENTE AORTO-UNIFEMORAL,1365000,1543934,1597575,25,Cirugia
1703012,"PUENTE AORTO-VISCERAL (RENAL, MESENTERICO O SIMILAR), C/U",1921500,2164284,2239440,25,Cirugia
1703013,PUENTE AORTO-ILIACO,1921500,2164284,2239440,25,Cirugia
1703014,"ENDARTERECTOMIA CAROTIDEA, SUBCLAVIA, VERTEBRAL, FEMORAL, O SIMILAR C/S INJERTO (PROC. AUT.)",1365000,1543934,1597575,25,Cirugia
1703015,"ENDARTERECTOMIA FEMORAL COMUN, SUPERFICIAL O PROFUNDA, POPLITEA U OTRAS C/S INJERTO (PROC. AUT.)",1365000,1543934,1597575,25,Cirugia
1703016,"ENDARTERECTOMIA RENAL, C/S INJERTO (PROC. AUT.)",1573950,1860980,1925700,25,Cirugia
1703017,PUENTE FEMORO-TIBIAL O DISTALES,1365000,1543934,1597575,25,Cirugia
1703018,PUENTE FEMORO-POPLITEO,1365000,1543934,1597575,25,Cirugia
1703019,"LIGADURA TRONCOS ARTERIALES, (PROC. AUT.)",961800,1075314,1112685,25,Cirugia
1703020,"OTRAS DERIVACIONES: FEMORO - FEMORAL, AXILO - HUMERAL, AXILO - FEMORAL, CAROTIDOSUBCLAVIO, AXILO - AXILAR O SIMILARES, C/U",1365000,1543934,1597575,25,Cirugia
1703021,ANASTOMOSIS PORTOCAVA U OTRAS PORTOSISTEMICAS,1921500,2164284,2239440,25,Cirugia
1703022,ANASTOMOSIS VENOSAS INTRAABDOMINALES,1921500,2164284,2239440,25,Cirugia
1703024,DERIVACIONES VENOSAS DE EXTREMIDADES PUENTES VENOSOS,1130850,1285969,1330665,25,Cirugia
1703025,IMPLANTE FILTROS VENOSOS,961800,1075314,1112685,25,Cirugia
1703026,"LIGADURA CAYADO SAFENA INTERNA, UNILATERAL",368550,418736,433335,25,Cirugia
1703027,"LIGADURA OTROS TRONCOS VENOSOS, LIGADURA DE VENAS COMUNICANTES Y/O PERFORANTES, Y/O RESECCION DE PAQUETES VARICOSOS, CUALQUIER TECNICA (UNA EXTREMIDAD) C/U",368550,418736,433335,25,Cirugia
1703028,LIGADURA VENA CAVA INFERIOR,961800,1075314,1112685,25,Cirugia
1703029,RESECCION CUTANEO-APONEUROTICA UNILATERAL (INCLUYE FASCIOTOMIA INTERNA O POSTERIOR),572250,649892,672525,25,Cirugia
1703030,"SAFENECTOMIA INTERNA Y/O EXTERNA, UNILATERAL, O ENDOABLACION POR CUALQUIER TECNICA (LASER, RADIOFRECUENCIA O SIMILAR).",572250,649892,672525,25,Cirugia
1703031,TROMBECTOMIA DE VENAS PROFUNDAS,572250,649892,672525,25,Cirugia
1703032,ANASTOMOSIS LINFOVENOSAS,715050,813344,841575,25,Cirugia
1703033,"LINFEDEMA, TRAT. QUIR. UNA EXTREMIDAD",715050,813344,841575,25,Cirugia
1703034,DRENAJE QUIRURGICO ADENITIS,184800,196937,203805,25,Cirugia
1703035,BIOPSIA QUIR. GANGLIONAR (CUALQUIER REGION PERIFERICA SUPERFICIAL O PROFUNDA) (PROC. AUT.),184800,196937,203805,25,Cirugia
1703036,DISECCION Y EXTIRPACION GANGLIONAR REGIONAL: AXILO-SUPRACLAVICULAR,1130850,1285969,1330665,25,Cirugia
1703037,DISECCION Y EXTIRPACION GANGLIONAR REGIONAL: CERVICO-TORACICA,1130850,1285969,1330665,25,Cirugia
1703038,DISECCION Y EXTIRPACION GANGLIONAR REGIONAL: ILEOINGUINAL,1130850,1285969,1330665,25,Cirugia
1703039,DISECCION Y EXTIRPACION GANGLIONAR REGIONAL: INGUINOESCROTALES,1130850,1285969,1330665,25,Cirugia
1703040,DISECCION Y EXTIRPACION GANGLIONAR REGIONAL: LUMBO-AORTICOS,1365000,1543934,1597575,25,Cirugia
1703041,DISECCION Y EXTIRPACION GANGLIONAR REGIONAL: MEDIASTINICOS,1365000,1543934,1597575,25,Cirugia
1703042,DISECCION Y EXTIRPACION GANGLIONAR REGIONAL: POPLITEOS,572250,649892,672525,25,Cirugia
1703043,VACIAMIENTO (DISECCION) RADICAL CUELLO (V.R.C.) CLASICO IPSILATERAL,961800,1075314,1112685,25,Cirugia
1703044,DISECCION Y EXTIRPACION GANGLIONAR REGIONAL: YUGULAR SIMPLE,368550,418736,433335,25,Cirugia
1703045,SIMPATECTOMIA CERVICO-TORACICA,1130850,1285969,1330665,25,Cirugia
1703046,SIMPATECTOMIA LUMBAR,1130850,1285969,1330665,25,Cirugia
1703047,ANASTOMOSIS VASCULARES SISTEMICOPULMONARES (BLALOCK-POTT-GLENN O SIMILARES),1921500,2164284,2239440,25,Cirugia
1703048,"CAMBIO DE GENERADOR DE MARCAPASO, SIN CAMBIO DE ELECTRODO",368550,418736,433335,25,Cirugia
1703049,COARTACION AORTICA INFANTIL (PREDUCTAL) TRAT. QUIR.,1921500,2164284,2239440,25,Cirugia
1703050,"COARTACION AORTICA, TRAT. QUIR.",1921500,2164284,2239440,25,Cirugia
1703051,"CONDUCTO ARTERIOSO PERSISTENTE, TRAT. QUIR.",1365000,1543934,1597575,25,Cirugia
1703052,"FISTULA CORONARIA, TRAT. QUIR.",1573950,1860980,1925700,25,Cirugia
1703053,IMPLANTACION DE MARCAPASO C/ELECTROD. INTRAVEN. O EPICARDICO,961800,1075314,1112685,25,Cirugia
1703054,OPERACION SOBRE ANILLOS VALVULARES O VASCULARES,1573950,1860980,1925700,25,Cirugia
1703055,"OPERACIONES SOBRE ARTERIA PULMONAR, CONSTRICCION POR CINTA",1365000,1543934,1597575,25,Cirugia
1703056,PERICARDIECTOMIA Y/O EXTIRP. DE QUISTES Y/O TUMORES,1365000,1543934,1597575,25,Cirugia
1703057,PERICARDIORRAFIA O MIOPERICARDIORRAFIA EN HERIDAS PENETRANTES,1365000,1543934,1597575,25,Cirugia
1703058,PERICARDIOTOMIA,1365000,1543934,1597575,25,Cirugia
1703061,"DE COMPLEJIDAD MAYOR: INCLUYE REEMPLAZO VALVULAR MULTIPLE, TRES O MAS PUENTES AORTOCORONARIOS Y/O ANASTOMOSIS CON ARTERIA MAMARIA, CORRECCION DE CARDIOPATIAS CONGENITAS COMPLEJAS, ANEURISMA AORTICO TORACICO",2415000,2694409,2788065,25,Cirugia
1703062,"DE COMPLEJIDAD MEDIANA, INCLUYE COMUNICACION INTERVENTRICULAR, REEMPLAZO UNIVALVULAR, UNO O DOS PUENTES AORTOCORONARIOS, ANEURISMA VENTRICULAR, CORRECCION DE WOLF-PARKINSON WHITE Y OTRAS ARRITMIAS",2415000,2694409,2788065,25,Cirugia
1703063,"(Y) DE COMPLEJIDAD MENOR: INCLUYE COMUNICACION INTERAURICULAR SIMPLE, ESTENOSIS PULMONAR VALVULAR, ESTENOSIS MITRAL O SIMILAR",2415000,2694409,2788065,25,Cirugia
1703066,INSTALACION DE CATETER VENOSO DE LARGA DURACION TUNELIZADO (INCLUYE CATETER),368550,418736,433335,25,Cirugia
1703074,RETIRO DE CATETER VENOSO DE LARGA DURACION TUNELIZADO,227850,260010,269115,25,Cirugia
1703075,FISTULA ARTERIOVENOSA PROTESICA,572250,649892,672525,25,Cirugia
1703076,TRANSPOSICION DE VENA BASILICA PARA HEMODIALISIS,1365000,1543934,1597575,25,Cirugia
1703077,"EXTRACCION DE ELECTRODO ENDOCAVITARIO, CON O SIN EXTRACCION DE GENERADOR DE MARCAPASO O DESFIBRILADOR",572250,649892,672525,25,Cirugia
1703080,IMPLANTE Y RETIRO DE IMPLANTE VENOSO (FILTRO DE VENA CAVA) POR VIA ENDOVASCULAR,715050,813344,841575,25,Cirugia
1703081,"ABLACION TRONCOS VENOSOS CON TECNICA TERMICA (LASER, RADIOFRECUENCIA U OTRAS)",227850,260010,269115,25,Cirugia
1703082,"ABLACION TRONCOS VENOSOS CON TECNICA NO TERMICA NO TUMESCENTE (CIANOCRILATO, FARMACO MECANICO U OTRAS)",227850,260010,269115,25,Cirugia
1704001,"CIRUGIA DEL OPERCULO TORACICO (RESECCION DE PRIMERA COSTILLA, CUALQUIER ABORDAJE), UNILATERAL",1365000,1543934,1597575,25,Cirugia
1704002,"CIRUGIA TORAX ABIERTO TRAUMATICO Y/O FIJACION TORAX VOLANTE, OSTEOSINTESIS COSTALES MULTIPLES Y DE ESTERNON (NO INCLUYE EL VALOR DE LA PROTESIS)",1365000,1543934,1597575,25,Cirugia
1704003,FENESTRACION O TORACOPLASTIA,1130850,1285969,1330665,25,Cirugia
1704004,"REPARACION PECTUM EXCAVATUM O CARINATUM, (PROC. AUT.)",1130850,1285969,1330665,25,Cirugia
1704005,RESECCION DE COSTILLAS Y/O PARED COSTAL Y/O CARTILAGO Y/O ESTERNON S/PLASTIA (PROC. AUT.),961800,1075314,1112685,25,Cirugia
1704006,RESECCION DE PARED COSTAL C/PLASTIA (TORACOPLASTIA OSTEOPLASTICA DE YORK O SIMILAR),961800,1075314,1112685,25,Cirugia
1704007,TORACOFRENOLAPARATOMIA EXPLORADORA C/S REPARACION VISCERAS TORACICAS Y ABDOMINALES,1365000,1543934,1597575,25,Cirugia
1704008,TORACOFRENOTOMIA EXPLORADORA,1365000,1543934,1597575,25,Cirugia
1704009,"TORACOTOMIA EXPLORADORA, C/S BIOPSIA, C/S DEBRIDACION, C/S DRENAJE",1130850,1285969,1330665,25,Cirugia
1704010,"TORACOTOMIA MINIMA C/S RESECCION COSTAL, C/S BIOPSIA, C/S DRENAJE",572250,649892,672525,25,Cirugia
1704011,MEDIASTINOTOMIA EXPLORADORA ANT. O POST. C/S BIOPSIA PROC. AUT,961800,1075314,1112685,25,Cirugia
1704012,"DRENAJE QUIR. DE MEDIASTINO, VIA CERVICAL",715050,813344,841575,25,Cirugia
1704013,"DRENAJE QUIR. DE MEDIASTINO, VIA TORACICA",961800,1075314,1112685,25,Cirugia
1704014,TIMECTOMIA VIA CERVICAL,715050,813344,841575,25,Cirugia
1704015,TIMECTOMIA VIA TORACICA MEDIOESTERNAL,961800,1075314,1112685,25,Cirugia
1704016,"CONDUCTO TORACICO, LIGADURA QUIRURGICA",1130850,1285969,1330665,25,Cirugia
1704017,TUMORES O QUISTES DE MEDIASTINO (ANTERIOR O POSTERIOR) TRAT. QUIR. C/S DISECCION GANGLIONAR,1365000,1543934,1597575,25,Cirugia
1704018,CIRUGIA DEL DIAFRAGMA CON CIRUGIA DE VISCERAS ABDOMINALES O TORACICAS,1365000,1543934,1597575,25,Cirugia
1704019,"HERIDAS TRAUMATICAS DEL DIAFRAGMA, TRAT. QUIR.",1130850,1285969,1330665,25,Cirugia
1704020,HERNIOPLASTIA DIAFRAGMATICA POR VIA TORACICA C/ PROTESIS (NO INCLUYE VALOR DE LA PROTESIS),1365000,1543934,1597575,25,Cirugia
1704021,"HERNIOPLASTIA DIAFRAGMATICA POR VIA TORACICA, SIN PROTESIS",1130850,1285969,1330665,25,Cirugia
1704022,"TUMORES, MALFORMACIONES O QUISTES DEL DIAFRAGMA (NO INCLUYE VALOR DE LA PROTESIS) TRAT. QUIR.",1365000,1543934,1597575,25,Cirugia
1704023,"CUERPO EXTRAÑO PLEURAL, EXTRAC. QUIR.",1130850,1285969,1330665,25,Cirugia
1704024,DECORTICACION PLEUROPULMONAR (PLEURECTOMIA PARCIAL O TOTAL),1573950,1860980,1925700,25,Cirugia
1704025,PLEURODESIS POR PLEUROTOMIA,572250,649892,672525,25,Cirugia
1704026,PLEURODESIS POR TORACOTOMIA,1365000,1543934,1597575,25,Cirugia
1704027,PLEUROTOMIA UNICA O DOBLE,227850,260010,269115,25,Cirugia
1704028,Tratamiento resectivo de tumores pleurales,1365000,1543934,1597575,25,Cirugia
1704029,BRONCOTOMIA O TRAQUEOBRONCOTOMIA EXPLORADORA O TERAPEUTICA POR TORACOTOMIA (PROC. AUT.),1365000,1543934,1597575,25,Cirugia
1704030,CIRUGIA RUPTURA TRAQUEOBRONQUIAL O TRATAMIENTO QUIRURGICO FISTULA BRONQUIAL POR ESTERNOTOMIA MEDIA,1573950,1860980,1925700,25,Cirugia
1704031,"PLASTIA DE TRAQUEA Y/O BRONQUIOS C/S RESECCION, C/S PROTESIS (NO INCLUYE EL VALOR DE LA PROTESIS)",1365000,1543934,1597575,25,Cirugia
1704032,TRATAMIENTO QUIRURGICO FISTULA BRONQUIAL POR TORACOTOMIA,1573950,1860980,1925700,25,Cirugia
1704033,"TUMORES TRAQUEALES, EXTIRPACION",1130850,1285969,1330665,25,Cirugia
1704034,"ABSCESO PULMONAR, DRENAJE POR TORACOTOMIA",1365000,1543934,1597575,25,Cirugia
1704035,BIOPSIA PULMONAR POR TORACOTOMIA,1130850,1285969,1330665,25,Cirugia
1704036,"BULAS, TRAT. QUIR.",1130850,1285969,1330665,25,Cirugia
1704037,CIRUGIA DE QUISTE HIDATIDICO SIN RESECCION PULMONAR,1573950,1860980,1925700,25,Cirugia
1704038,"CUERPO EXTRAÑO INTRAPULMONAR, EXTIRP. QUIR.",1130850,1285969,1330665,25,Cirugia
1704039,"HERIDAS DE PULMON, TRAT. QUIR. (PROC. AUT.)",961800,1075314,1112685,25,Cirugia
1704040,LOBECTOMIA O BILOBECTOMIA,1573950,1860980,1925700,25,Cirugia
1704041,"METASTASIS BILATERAL PULMON, TRAT. QUIR. POR ESTERNOTOMIA",1573950,1860980,1925700,25,Cirugia
1704042,METASTASIS UNILATERAL PULMON,1365000,1543934,1597575,25,Cirugia
1704043,NEUMONECTOMIA C/S RESECCION DE PARED COSTAL,1573950,1860980,1925700,25,Cirugia
1704045,QUISTECTOMIA SIMPLE DE PULMON,1365000,1543934,1597575,25,Cirugia
1704046,RESECCIONES SEGMENTARIAS ANATOMICAS DE PULMON,1365000,1543934,1597575,25,Cirugia
1704047,EXTRACCION CUERPO EXTRAÑO ESOFAGICO POR VIA CERVICAL,572250,649892,672525,25,Cirugia
1704048,"CUERPO EXTRAÑO ESOFAGICO, EXTRACCION POR ESOFAGOTOMIA, VIA TORACICA",1130850,1285969,1330665,25,Cirugia
1704049,ESOFAGOSTOMIA CERVICAL (PROC. AUT.),572250,649892,672525,25,Cirugia
1704050,"TUMORES BENIGNOS Y/O QUISTES ESOFAGICOS, TRAT. QUIR., VIA CERVICAL",1130850,1285969,1330665,25,Cirugia
1704051,TRATAMIENTO QUIRURGICO DE TUMORES ESOFAGICOS BENIGNOS Y/O QUISTES VIA TORACICA,1130850,1285969,1330665,25,Cirugia
1704052,"DIVERTICULOS ESOFAGICOS, TRAT. QUIR., VIA CERVICAL",961800,1075314,1112685,25,Cirugia
1704053,"DIVERTICULOS ESOFAGICOS, TRAT. QUIR., VIA TORACICA",961800,1075314,1112685,25,Cirugia
1704054,"ACHALASIA, TRAT. QUIR.",961800,1075314,1112685,25,Cirugia
1704055,"ATRESIA ESOFAGICA, TRAT. QUIR.",1921500,2164284,2239440,25,Cirugia
1704056,"ESOFAGECTOMIA CON RESTITUCION DEL TRANSITO MEDIANTE ESTOMAGO O INTESTINO, PARCIAL O TOTAL",1921500,2164284,2239440,25,Cirugia
1704057,"ESOFAGECTOMIA TOTAL CON ESOFAGOSTOMIA, GASTROSTOMIA Y YEYUNOSTOMIA",1921500,2164284,2239440,25,Cirugia
1704058,ESOFAGOGASTRECTOMIA PROXIMAL,1921500,2164284,2239440,25,Cirugia
1704059,"PROTESIS O TUBO ENDOESOFAGICO, COLOCACION DE (PROC. AUT.)",961800,1075314,1112685,25,Cirugia
1704060,RECONSTITUCION DE TRANSITO EN SEGUNDO TIEMPO (ESTOMAGO O INTESTINO) DE OPERACION COD. 17-04-057,1573950,1860980,1925700,25,Cirugia
1704061,SUTURA HERIDA O PERFORACION ESOFAGO CERVICAL,1130850,1285969,1330665,25,Cirugia
1704062,SUTURA HERIDA O PERFORACION ESOFAGO TORACICO,1573950,1860980,1925700,25,Cirugia
1704063,"VARICES ESOFAGICOS, LIGADURA DIRECTA",961800,1075314,1112685,25,Cirugia
1704064,FRENOPARALISIS TRAT. QUIR.,1365000,1543934,1597575,25,Cirugia
1707004,"PROVOCACION CON EJERCICIO, TEST DE",35000,35000,35000,68,Otorrino
1707021,LARINGOTRAQUEOBRONCOSCOPIA CON FIBROSCOPIO,184800,196937,203805,25,Cirugia
1707022,LARIGOTRAQUEOSCOPIA CON TUBO RIGIDO,140700,157500,163065,25,Cirugia
1707023,MEDIASTINOSCOPIA C/S BIOPSIA,184800,196937,203805,25,Cirugia
1707024,PLEUROSCOPIA (TORACOSCOPIA) C/S BIOPSIA,184800,196937,203805,25,Cirugia
1707027,"BRONCOASPIRACION, C/S LAVADO Y/O COLOCACION DE MEDICAMENTOS POR SONDA TRAQUEOBRONQUIAL (PROC. AUT.)",184800,196937,203805,25,Cirugia
1707034,"CUERPO EXTRAÑO DE BRONQUIO, EXTRACCION POR VIA ENDOSCOPICA (INCLUYE LA ENDOSCOPIA)",184800,196937,203805,25,Cirugia
1707037,INTUBACION TRAQUEAL (PROC. AUT.),140700,157500,163065,25,Cirugia
1801001,GASTRODUODENOSCOPIA (INCLUYE ESOFAGOSCOPIA),184800,196937,203805,25,Cirugia
1801002,ESOFAGOSCOPIA,184800,196937,203805,25,Cirugia
1801003,ENTEROSCOPIA,184800,196937,203805,25,Cirugia
1801004,ANO-RECTO-SIGMOIDOSCOPIA EN ADULTOS,140700,157500,163065,25,Cirugia
1801005,ANO-RECTO-SIGMOIDOSCOPIA EN NIÑOS (ADEMAS ANESTESIA COD. 22-01-001 SI CORRESPONDE),140700,157500,163065,25,Cirugia
1801006,COLONOSCOPIA LARGA (INCLUYE SIGMOIDOSCOPIA Y COLONOSCOPIA IZQUIERDA),184800,196937,203805,25,Cirugia
1801007,SIGMOIDOSCOPIA Y COLONOSCOPIA IZQUIERDA CON TUBO FLEXIBLE (INCLUYE LA ANO-RECTO-SIGMOIDOSCOPIA),184800,196937,203805,25,Cirugia
1801009,PERITONEOSCOPIA TRANSPARIETAL (INCLUYE EL NEUMOPERITONEO),227850,260010,269115,25,Cirugia
1801018,COLANGIOPANCREATOGRAFIA RETROGRADA C/S PAPILOTOMIA,184800,196937,203805,25,Cirugia
1801025,DILATACION DE ESTENOSIS BENIGNAS O MALIGNAS DEL TRACTO DIGESTIVO POR BALON,140700,157500,163065,25,Cirugia
1801026,DILATACION DE ESTENOSIS BENIGNAS O MALIGNAS DEL TRACTO DIGESTIVO POR BUJIA,140700,157500,163065,25,Cirugia
1801027,INSTALACION PROTESIS PLASTICA (S) EN VIA BILIAR O PANCREATICA,227850,260010,269115,25,Cirugia
1801028,"CUERPO EXTRAÑO, EXTRACCION ENDOSCOPICA",140700,157500,163065,25,Cirugia
1801029,DEVOLVULACION DE COLON POR COLONOSCOPIA,184800,196937,203805,25,Cirugia
1801030,"DILATACION ANO-RECTAL, POR SESION",119700,105081,140490,25,Cirugia
1801031,POLIPECTOMIA O MUCOSECTOMIA ENDOSCOPICA ALTA,227850,260010,269115,25,Cirugia
1801032,"ESCLEROTERAPIA DE HEMORROIDES, CUALQUIER NUMERO",140700,157500,163065,25,Cirugia
1801033,"INYECTOTERAPIA HEMOSTATICA, HEMOSTASIA MECANICA, HEMOSTASIA TERMICA, LIGADURA ELASTICA",227850,260010,269115,25,Cirugia
1801035,LIGADURA HEMORROIDES,140700,157500,163065,25,Cirugia
1801036,EXTRACCION ENDOSCOPICA DE CALCULOS BILIARES O PANCREATICOS,227850,260010,269115,25,Cirugia
1801038,"PUNCION EVACUADORA DE ABSCESO INTRAABDOMINALES (HEPATICO U OTROS), C/S TOMA DE MUESTRA, C/S INYECCION DE MEDICAMENTOS",140700,157500,163065,25,Cirugia
1801041,"PUNCION DE LIQUIDO ASCITICO, DIAGNOSTICA",227850,260010,269115,25,Cirugia
1801042,VACIAMIENTO MANUAL DE FECALOMA,227850,260010,269115,25,Cirugia
1801045,POLIPECTOMIA O MUCOSECTOMIA ENDOSCOPICA BAJA,227850,260010,269115,25,Cirugia
1802001,HERNIA DIAFRAGMATICA POR VIA ABDOMINAL O CUALQUIERA OTRA HERNIA CON USO DE PROTESIS (NO INCLUYE EL VALOR DE LA PROTESIS),961800,1075314,1112685,25,Cirugia
1802004,"LAPAROTOMIA EXPLORADORA, C/S LIBERACION DE ADHERENCIAS, C/S DRENAJE, C/S BIOPSIAS COMO PROC. AUT O COMO RESULTADO DE UNA HERIDA PENETRANTE ABDOMINAL NO COMPLICADA",715050,813344,841575,25,Cirugia
1802005,"ONFALOCELE (HASTA 5 CMS.), TRAT. QUIR.",715050,813344,841575,25,Cirugia
1802006,"ONFALOCELE (MAS DE 5 CMS.), TRAT. QUIR.",715050,813344,841575,25,Cirugia
1802007,"PERITONITIS DIFUSA AGUDA, TRAT. QUIR. (PROC. AUT.)",961800,1075314,1112685,25,Cirugia
1802008,TUMOR Y/O QUISTE PERITONEAL (PARIETAL),715050,813344,841575,25,Cirugia
1802009,TUMOR Y/O QUISTE RETROPERITONEAL,961800,1075314,1112685,25,Cirugia
1802010,ANTRECTOMIA Y VAGOTOMIA TRONCULAR O SELECTIVA (PROC. AUT.),1130850,1285969,1330665,25,Cirugia
1802011,"DESGASTRECTOMIA Y NEOANASTOMOSIS, C/S VAGUECTOMIA",1365000,1543934,1597575,25,Cirugia
1802012,"GASTROENTEROANASTOMOSIS, CUALQUIER TECNICA. (PROC. AUT.)",715050,813344,841575,25,Cirugia
1802013,GASTROSQUISIS,1130850,1285969,1330665,25,Cirugia
1802014,GASTROTOMIA Y/O GASTROSTOMIA (PROC. AUT.),572250,649892,672525,25,Cirugia
1802015,"PERFORACION GASTRICA AGUDA, TRAT. QUIR. (PROC. AUT.)",715050,813344,841575,25,Cirugia
1802016,PILOROPLASTIA (PROC. AUT.),715050,813344,841575,25,Cirugia
1802017,GASTRECTOMIA SUBTOTAL CON DISECCION GANGLIONAR,1130850,1285969,1330665,25,Cirugia
1802018,GASTRECTOMIA SUBTOTAL SIN DISECCION GANGLIONAR,1130850,1285969,1330665,25,Cirugia
1802019,"DUMPING Y/O SINDROME ASA AFERENTE, TRAT. QUIR.",1130850,1285969,1330665,25,Cirugia
1802021,GASTRECTOMIA SUB-TOTAL PROXIMAL CON ESOFAGO-GASTRO-ANASTOMOSIS U OTRA DERIVACION,1573950,1860980,1925700,25,Cirugia
1802022,GASTRECTOMIA TOTAL,1573950,1860980,1925700,25,Cirugia
1802023,GASTRECTOMIA TOTAL O SUB-TOTAL AMPLIADA (INCLUYE ESPLENECTOMIA Y PANCREATECTOMIA CORPOROCAUDAL Y DISECCION GANGLIONAR),2116800,2571936,2661330,25,Cirugia
1802024,"GASTROPEXIA Y/U OTRA CIRUGIA ANTIRREFLUJO, C/S VAGOTOMIA",961800,1075314,1112685,25,Cirugia
1802025,"VAGOTOMIA SELECTIVA Y SUPERSELECTIVA C/S DREN. GASTRICO, C/S PILOROPLASTIA (PROC. AUT.)",961800,1075314,1112685,25,Cirugia
1802026,DRENAJE DE COLECCIONES LIQUIDAS HEPATICAS,961800,1075314,1112685,25,Cirugia
1802027,COLANGIOENTEROANASTOMOSIS INTRAHEPATICA,1365000,1543934,1597575,25,Cirugia
1802028,COLECISTECTOMIA C/S COLANGIOGRAFIA OPERATORIA,961800,1075314,1112685,25,Cirugia
1802029,COLECISTECTOMIA Y COLEDOCOSTOMIA (SONDA T Y COLANGIOGRAFIA POSTOPERATORIA) C/S COLANGIOGRAFIA OPERATORIA,961800,1075314,1112685,25,Cirugia
1802030,COLECISTOGASTROANASTOMOSIS O COLECISTOENTEROANASTOMOSIS,961800,1075314,1112685,25,Cirugia
1802031,COLECISTOSTOMIA (PROC. AUT.),715050,813344,841575,25,Cirugia
1802032,COLEDOCO O HEPATOENTEROANASTOMOSIS,1130850,1285969,1330665,25,Cirugia
1802033,COLEDOCOSTOMIA SUPRADUODENAL O HEPATICOSTOMIA (PROC. AUT.),961800,1075314,1112685,25,Cirugia
1802034,COLOCACION DE VALVULA PERITONEOYUGULAR DERIVATIVA DE ASCITIS,715050,813344,841575,25,Cirugia
1802035,DESCONEXION ACIGOPORTAL CON TRANSECCION ESOFAGICA,1921500,2164284,2239440,25,Cirugia
1802036,DESCONEXION ACIGOPORTAL SIN TRANSECCION ESOFAGICA,1921500,2164284,2239440,25,Cirugia
1802037,DRENAJE VIA BILIAR TRANSHEPATICO,961800,1075314,1112685,25,Cirugia
1802038,"ESFINTEROPLASTIA TRANSDUODENAL, (PROC. AUT.)",1130850,1285969,1330665,25,Cirugia
1802039,HEPATECTOMIA SEGMENTARIA (PROC. AUT.),1365000,1543934,1597575,25,Cirugia
1802040,"HERIDA TRAUMATICA DE HIGADO Y/O VIA BILIAR, TRAT. QUIR.",961800,1075314,1112685,25,Cirugia
1802041,LOBECTOMIA HEPATICA (PROC. AUT.),1921500,2164284,2239440,25,Cirugia
1802042,"QUISTE HIDATIDICO, UNICO O MULTIPLE, Y/O CISTOYEYUNOANASTOMOSIS, TRAT. QUIR.",1130850,1285969,1330665,25,Cirugia
1802043,"ABSCESOS, QUISTES, PSEUDOQUISTES O SIMILARES DE PANCREAS, TRAT. QUIR.",961800,1075314,1112685,25,Cirugia
1802044,"HERIDAS, TRAUMATISMOS DE PANCREAS, TRAT.QUIR.",961800,1075314,1112685,25,Cirugia
1802045,PANCREATECTOMIA PARCIAL,1365000,1543934,1597575,25,Cirugia
1802046,PANCREATECTOMIA TOTAL C/S ESPLENECTOMIA,1921500,2164284,2239440,25,Cirugia
1802047,PANCREATODUODENECTOMIA,1921500,2164284,2239440,25,Cirugia
1802048,SECUESTRECTOMIA EN PANCREATITIS AGUDA,715050,813344,841575,25,Cirugia
1802049,AUTOIMPLANTE DE BAZO (INCLUYE ESPLENECTOMIA),1130850,1285969,1330665,25,Cirugia
1802050,ESPLENECTOMIA TOTAL O PARCIAL (PROC. AUT.),961800,1075314,1112685,25,Cirugia
1802051,"OPERACION DE ETAPIFICACION (INCLUYE ESPLENECTOMIA, BIOPSIAS HEPATICAS, DE GANGLIOS ABDOMINALES Y DE CRESTA ILIACA)",1130850,1285969,1330665,25,Cirugia
1802052,SUTURA ESPLENICA (PROC. AUT.),961800,1075314,1112685,25,Cirugia
1802053,APENDICECTOMIA Y/O DREN. ABSCESO APENDICULAR (PROC. AUT.),715050,813344,841575,25,Cirugia
1802054,CIERRE DE COLOSTOMIA (PROC. AUT.),715050,813344,841575,25,Cirugia
1802055,COLOSTOMIA (PROC. AUT.),715050,813344,841575,25,Cirugia
1802056,"COLOSTOMIA, COMPLICACIONES TARDIAS, TRAT. QUIR.",961800,1075314,1112685,25,Cirugia
1802057,"DIVERTICULO DE MECKEL, TRAT. QUIR.",715050,813344,841575,25,Cirugia
1802058,ENTERO-ENTEROANASTOMOSIS O ENTEROCOLOANASTOMOSIS (PROC. AUT.),715050,813344,841575,25,Cirugia
1802059,ENTEROTOMIA O ENTEROSTOMIA (YEYUNOSTOMIA U OTRA) (PROC. AUT.),572250,649892,672525,25,Cirugia
1802060,ILEOSTOMIA TERMINAL O EN ASA (PROC. AUT.),961800,1075314,1112685,25,Cirugia
1802061,"INVAGINACION INTESTINAL, TRAT. QUIR.",715050,813344,841575,25,Cirugia
1802062,"PERSISTENCIA CONDUCTO ONFALOMESENTERICO, TRAT. QUIR.",715050,813344,841575,25,Cirugia
1802063,"QUISTE URACO, TRAT. QUIR.",715050,813344,841575,25,Cirugia
1802065,OCLUSION INTESTINAL CON RESECCION,961800,1075314,1112685,25,Cirugia
1802066,OCLUSION INTESTINAL SIN RESECCION,715050,813344,841575,25,Cirugia
1802067,COLECTOMIA PARCIAL O HEMICOLECTOMIA,1130850,1285969,1330665,25,Cirugia
1802068,COLECTOMIA TOTAL ABDOMINAL,1365000,1543934,1597575,25,Cirugia
1802069,"DESCENSO DE COLON C/CONSERVACION DEL ESFINTER, INCLUYE RESECCION DE COLON",1365000,1543934,1597575,25,Cirugia
1802070,"HARTMANN, OPERACION DE (O SIMILAR)",1130850,1285969,1330665,25,Cirugia
1802071,"PERFORACION Y/O HERIDA DE INTESTINO, UNICA O MULTIPLE, TRAT. QUIR. (PROC. AUT.)",715050,813344,841575,25,Cirugia
1802072,"QUISTE Y/O TUMOR DEL MESENTERIO Y/O EPIPLONES, UNICO Y/O MULTIPLE, TRAT. QUIR.",715050,813344,841575,25,Cirugia
1802073,RECONSTITUCION TRANSITO POST OPERACION DE HARTMANN O SIM.,1130850,1285969,1330665,25,Cirugia
1802074,RESECCION DE INTESTINO Y ENTEROANASTOMOSIS (PROC. AUT.),961800,1075314,1112685,25,Cirugia
1802075,RESECCION INTESTINAL MASIVA POR TROMBOSIS MESENTERICA U OTRA ETIOLOGIA,1130850,1285969,1330665,25,Cirugia
1802076,"DUPLICACION INTESTINAL, TRAT. QUIR.",961800,1075314,1112685,25,Cirugia
1802077,"MAL ROTACION INTESTINAL, TRAT. QUIR.",961800,1075314,1112685,25,Cirugia
1802079,GASTRECTOMIA TOTAL CON OSTOMIAS PROXIMAL Y DISTAL,1573950,1860980,1925700,25,Cirugia
1802080,RECONSTITUCION DE TRANSITO EN 2° TIEMPO DE OPERACION CODIGO 18-02-079,1573950,1860980,1925700,25,Cirugia
1802081,"COLECISTECTOMIA POR VIDEOLAPAROSCOPIA, PROC. COMPLETO",1365000,1543934,1597575,25,Cirugia
1802082,RESECCION INTESTINAL CON OSTOMIAS PROXIMAL Y DISTAL,961800,1075314,1112685,25,Cirugia
1802100,(Y) TRASPLANTE HEPATICO,2415000,2694409,2788065,25,Cirugia
1802148,YEYUNOPANCREATOSTOMIA,1130850,1285969,1330665,25,Cirugia
1802154,"HERNIA CON MALLA PREPERITONEAL, ACCESO MININVASIVO.",961800,1075314,1112685,25,Cirugia
1802155,"HERNIA CON MALLA RETROMUSCULAR, HERNIA DIAFRAGMATICA POR VIA ABDOMINAL, HERNIA HIATAL, ACCESO MININVASIVO.",961800,1075314,1112685,25,Cirugia
1802158,CIRUGIA BARIATRICA BY PASS GASTRICO POR LAPAROSCOPIA,1921500,2164284,2239440,25,Cirugia
1802159,CIRUGIA BARIATRICA MANGA GASTRICA POR LAPAROSCOPIA,1921500,2164284,2239440,25,Cirugia
1803001,"ABSCESO ANO RECTAL COMPLEJO , TRATAMIENTO QUIRURGICO",368550,418736,433335,25,Cirugia
1803002,"ABSCESO ANORRECTAL SIMPLE, TRAT. QUIR.",227850,260010,269115,25,Cirugia
1803003,"ABSCESO SACROCOXIGEO, DRENAJE",227850,260010,269115,25,Cirugia
1803004,BIOPSIA QUIRURGICA RECTAL (PROC. AUT.),368550,418736,433335,25,Cirugia
1803006,"CUERPO EXTRAÑO RECTAL, EXTRACCION POR VIA ABDOMINAL",961800,1075314,1112685,25,Cirugia
1803007,"CUERPO EXTRAÑO RECTAL, EXTRACCION POR VIA ANAL",227850,260010,269115,25,Cirugia
1803008,DESGARROS Y HERIDAS ANORRECTALES CON COMPROMISO DEL ESFINTER,572250,649892,672525,25,Cirugia
1803009,DESGARROS Y HERIDAS ANORRECTALES SIN COMPROMISO DEL ESFINTER,368550,418736,433335,25,Cirugia
1803010,ESFINTEROTOMIA (PROC. AUT.),368550,418736,433335,25,Cirugia
1803011,"ESTENOSIS ANAL, PLASTIA",572250,649892,672525,25,Cirugia
1803012,"ESTENOSIS RECTAL, PLASTIA",715050,813344,841575,25,Cirugia
1803013,"FECALOMA, TRAT. QUIR.",715050,813344,841575,25,Cirugia
1803014,"FISTULA RECTOVESICAL, TRAT.QUIR.",961800,1075314,1112685,25,Cirugia
1803015,"FISTULA RECTOVAGINAL, RECTOURETRAL O URETROVAGINAL, TRAT.QUIR.",961800,1075314,1112685,25,Cirugia
1803016,"FISTULA ANORRECTAL, TRAT.QUIR.DE CUALQUIER TIPO",572250,649892,672525,25,Cirugia
1803017,"FISURA ANAL, REPAR. QUIR.",368550,418736,433335,25,Cirugia
1803018,HEMORROIDECTOMIA (INCLUYE OTRAS OPERACIONES COMPLEMENTARIAS EN CANAL ANAL),572250,649892,672525,25,Cirugia
1803019,"HEMORROIDES, TROMBECTOMIA (PROC. AUT.)",184800,196937,203805,25,Cirugia
1803020,"IMPERFORACION ANAL, RECONSTITUCION TRANSITO POR VIA ABDOMINO-PERINEAL",1130850,1285969,1330665,25,Cirugia
1803021,"IMPERFORACION ANAL, RECONSTITUCION TRANSITO POR VIA PERINEAL",715050,813344,841575,25,Cirugia
1803023,"INCONTINENCIA ANAL, TRAT.QUIR. CON CERCLAJE",572250,649892,672525,25,Cirugia
1803024,"INCONTINENCIA ANAL, TRAT.QUIR. CON PLASTIA MUSCULAR",715050,813344,841575,25,Cirugia
1803025,"POLIPO RECTAL, TRAT.QUIR. POR VIA ABDOMINAL",961800,1075314,1112685,25,Cirugia
1803026,"POLIPO RECTAL, TRAT.QUIR. POR VIA ANAL",368550,418736,433335,25,Cirugia
1803027,"PROLAPSO RECTAL, TRAT.QUIR. POR VIA ABDOMINAL",961800,1075314,1112685,25,Cirugia
1803028,"PROLAPSO RECTAL, TRAT.QUIR. POR VIA ANAL",572250,649892,672525,25,Cirugia
1803029,PANPROCTOCOLECTOMIA (2 EQUIPOS),1921500,2164284,2239440,25,Cirugia
1803030,"PRURITO ANAL, TRAT. QUIR. POR DENERVACION",572250,649892,672525,25,Cirugia
1803031,"QUISTE SACROCOXIGEO, TRAT. QUIR.",572250,649892,672525,25,Cirugia
1803032,RESECCION ABDOMINO-PERINEAL DE ANO Y RECTO (2 EQUIPOS),1573950,1860980,1925700,25,Cirugia
1803033,RESECCION ABDOMINO-PERINEAL DE ANO Y RECTO AMPLIADA (2 EQUIPOS) (INCLUYE GENITALES FEMENINOS),1921500,2164284,2239440,25,Cirugia
1803034,RESECCION ANTERIOR DE RECTO,1130850,1285969,1330665,25,Cirugia
1803035,RESECCION PERINEAL DE ANO Y RECTO,1365000,1543934,1597575,25,Cirugia
1803038,"CONDILOMAS ANALES, TRAT. QUIR.",368550,418736,433335,25,Cirugia
1901002,"CISTOSCOPIA CON O SIN SONDEO DE UNO O AMBOS URETERES, CON O SIN BIOPSIA",368550,418736,433335,25,Cirugia
1901003,CISTOSCOPIA Y/O URETROCISTOSCOPIA Y/O URETROSCOPIA (PROC.AUT.),227850,260010,269115,25,Cirugia
1901004,URETERONEFROSCOPIA,368550,418736,433335,25,Cirugia
1901005,"BIOPSIA PROSTATICA TRANSRECTAL O TRANSPERINEAL CON APOYO ECOGRAFICO. CUALQUIER NUMERO DE MUESTRAS, INCLUYE BIOPSIA POR SATURACION (ADEMAS COD. 04-04-004 Y ANESTESIA 22-01-001 SI CORRESPONDE)",140700,157500,163065,25,Cirugia
1901006,BIOPSIA RENAL TRANSPARIETAL,184800,196937,203805,25,Cirugia
1901007,CISTOMETRIA (PROC.AUT.),184800,196937,203805,25,Cirugia
1901010,PERFIL URETRAL (PROC.AUT.),184800,196937,203805,25,Cirugia
1901015,URETEROPIELOGRAFIA ASCENDENTE (DIRECTA) POR CATETERISMO URETERAL UNI O BILATERAL (INCLUYE LA ENDOSCOPIA) (A.C. 04-02-012),368550,418736,433335,25,Cirugia
1901030,"ESTUDIO URODINAMICO (INCLUYE CISTOMETRIA, EMG PERINEAL Y DEL ESFINTER URETRAL, PERFIL URETRAL Y UROFLUJOMETRIA)",184800,196937,203805,25,Cirugia
1902002,"ARTERIAS RENALES, OPERACIONES SOBRE (PROC. AUT.)",1573950,1860980,1925700,25,Cirugia
1902003,AUTO O HETEROTRASPLANTE RIÑON,2116800,2571936,2661330,25,Cirugia
1902004,"CIRUGIA DE BANCO, (PROC. COMPLETO) (MICRO-EXTRACORPOREA), AUTOTRASPLANTE",2116800,2571936,2661330,25,Cirugia
1902005,"LITIASIS RENAL, TRAT. QUIR. PERCUTANEO C/S ULTRASONIDO (INCLUYE TODO EL PROCEDIMIENTO)",961800,1075314,1112685,25,Cirugia
1902006,"LITIASIS RENAL O URETERAL POR CIRUGIA ABIERTA O LAPAROSCOPICA, POR PIELOTOMIA O NEFROTOMIA MINIMA O ANATROFICA.",961800,1075314,1112685,25,Cirugia
1902008,"LUMBOTOMIA EXPLORADORA C/S DREN., C/S BIOPSIA (PROC. AUT.)",715050,813344,841575,25,Cirugia
1902009,NEFRECTOMIA PARCIAL CUALQUIER VIA Y TECNICA. INCLUYE DISECCION GANGLIONAR ETAPIFICADORA O REDUCTIVA,1130850,1285969,1330665,25,Cirugia
1902010,"NEFRECTOMIA RADICAL POR CANCER RENAL, TRAUMATISMO RENAL, VIA ABIERTA, LAPAROSCOPICA O ROBOTICA, INCLUYE DISECCION GANGLIONAR ETAPIFICADORA O REDUCTIVA",1130850,1285969,1330665,25,Cirugia
1902011,NEFRECTOMIA POR PATOLOGIA BENIGNA O MALFORMACION O TRASPLANTE.,961800,1075314,1112685,25,Cirugia
1902012,DRENAJE PERCUTANEO O ENDOSCOPICO DE HIDRONEFROSIS. (PROC.AUTONOMO),961800,1075314,1112685,25,Cirugia
1902013,PIELOTOMIA EXPLORADORA Y/O TERAPEUTICA (INCLUYE LA PIELOSTOMIA Y/O PIELOPLASTIA),961800,1075314,1112685,25,Cirugia
1902015,SUPRARRENALECTOMIA UNILATERAL,961800,1075314,1112685,25,Cirugia
1902016,ANASTOMOSIS DE LOS URETERES,1130850,1285969,1330665,25,Cirugia
1902017,"FISTULA URETERO-VAGINAL, TRAT. QUIR.",961800,1075314,1112685,25,Cirugia
1902018,"NEFROURETERECTOMIA EN PATOLOGIA TUMORAL O MALFORMACION, CUALQUIER VIA O TECNICA.",1130850,1285969,1330665,25,Cirugia
1902019,URETERECTOMIA,961800,1075314,1112685,25,Cirugia
1902020,URETERO-LITOTOMIA ABIERTA,715050,813344,841575,25,Cirugia
1902021,"URETERO O NEFRO-LITOTOMIA ENDOSCOPICA C/URETEROSCOPIA RIGIDA O FLEXIBLE, CON O SIN FRAGMENTACION",368550,418736,433335,25,Cirugia
1902022,"URETERECTOMIA, URETEROPLASTIA, URETERORRAFIA, URETEROLISIS, TRANSURETEROANASTOMOSIS, CUALQUIER VIA O TECNICA.",1130850,1285969,1330665,25,Cirugia
1902023,URETERORRAFIA Y/O URETEROLISIS C/U,961800,1075314,1112685,25,Cirugia
1902024,"URETEROSTOMIA BILATERAL: VESICAL, CUTANEA O INTESTINAL",1130850,1285969,1330665,25,Cirugia
1902025,"URETEROSTOMIA UNILATERAL: VESICAL, CUTANEA O INTESTINAL",961800,1075314,1112685,25,Cirugia
1902027,CISTECTOMIA PARCIAL Y/O TRAT. QUIR. DE DIVERTICULO VESICAL,961800,1075314,1112685,25,Cirugia
1902028,"CISTECTOMIA RADICAL, CUALQUIER VIA O TECNICA, INCLUYE LINFADENECTOMIA AMPLIADA.",1573950,1860980,1925700,25,Cirugia
1902029,"CISTOPLASTIA, PROC. COMPLETO",1130850,1285969,1330665,25,Cirugia
1902030,REPARACION VESICAL POR TRAUMA O DAÑO DE CUALQUIER TIPO.,715050,813344,841575,25,Cirugia
1902031,"CISTOSTOMIA, EXTRACCION DE LITIASIS O CUERPO EXTRAÑO, INSTALACION DE CATETER SUPRAPUBICO, POR VIA ABIERTA O ENDOSCOPICA, C/S LASER",715050,813344,841575,25,Cirugia
1902032,"EXTROFIA VESICAL, PROC. COMPLETO",961800,1075314,1112685,25,Cirugia
1902033,"FISTULA VESICO-CUTANEA, Y/O VAGINAL, Y/O INTEST., TRAT. QUIR.",961800,1075314,1112685,25,Cirugia
1902034,CIRUGIA ABIERTA O ENDOSCOPICA DE LESIONES CUELLO VESICAL Y/O HEMOVEJIGA PRIMARIA O POST CIRUGIA PROSTATA O VEJIGA,961800,1075314,1112685,25,Cirugia
1902035,LIGADURA DE ARTERIAS HIPOGASTRICAS (PROC. AUT.),715050,813344,841575,25,Cirugia
1902036,OPERACION DE BRICKER,1365000,1543934,1597575,25,Cirugia
1902037,RESECCION ENDOSCOPICA DE CANCER VESICAL,1130850,1285969,1330665,25,Cirugia
1902038,RESERVORIO CONTINENTE INTESTINAL EXTERNO O INTERNO,1130850,1285969,1330665,25,Cirugia
1902040,"EXTIRPACION DIVERTICULO O QUISTE PARA-URETRAL, CUALQUIER VIA",961800,1075314,1112685,25,Cirugia
1902041,"FLEGMON URINOSO, DRENAJE Y CISTOSTOMIA",715050,813344,841575,25,Cirugia
1902043,URETROPLASTIA SIN SUBSTITUCION - URETRORRAFIA,715050,813344,841575,25,Cirugia
1902044,"URETROPLASTIA DE SUBSTITUCION, CADA TIEMPO",961800,1075314,1112685,25,Cirugia
1902045,"INCONTINENCIA URINARIA DE ESFUERZO O D.I.E. (DISFUNCION INTRINSECA DEL ESFINTER), CUALQUIER VIA UNICA O COMBINADA, CON O SIN INSTALACION DE MALLAS, ELEMENTOS PROTESICOS O ESFINTER ARTIFICIAL.",961800,1075314,1112685,25,Cirugia
1902047,MEATOTOMIA QUIRURGICA C/S RESECCION DE POLIPO O CARUNCULA,368550,418736,433335,25,Cirugia
1902049,"URETRECTOMIA Y /O PLASTIA ABIERTA DE URETRA POSTERIOR POR TRAUMA O, ESTENOSIS O CUALQUIER ETIOLOGIA",961800,1075314,1112685,25,Cirugia
1902050,FISTULECTOMIA URETRAL,368550,418736,433335,25,Cirugia
1902051,URETROSTOMIA,368550,418736,433335,25,Cirugia
1902052,URETROTOMIA EXTERNA (PROC. AUT.),368550,418736,433335,25,Cirugia
1902053,URETROTOMIA INTERNA Y/O URETROLITOTOMIA (PROC. AUT.),368550,418736,433335,25,Cirugia
1902054,"TRATAMIENTO QUIRURGICO DE ABSCESO PROSTATICO Y/O VESICULAS SEMINALES, CUALQUIER VIA O TECNICA",368550,418736,433335,25,Cirugia
1902055,"ADENOMA O CANCER PROSTATICO, RESECCION ENDOSCOPICA DESOBSTRUCTIVA, CUALQUIER TECNICA (UNI, BIPOLAR, LASER U OTROS)",961800,1075314,1112685,25,Cirugia
1902056,"ADENOMA PROSTATICO, TRAT. QUIR. CUALQUIER VIA O TECNICA ABIERTA",961800,1075314,1112685,25,Cirugia
1902057,"PROSTATECTOMIA RADICAL POR CANCER PROSTATICO, VIA ABIERTA, LAPAROSCOPICA O ROBOTICA, INCLUYE LINFADENECTOMIA SI CORRESPONDE",1365000,1543934,1597575,25,Cirugia
1902059,BIOPSIA QUIRURGICA DE TESTICULO Y/O ASPIRACION EPIDIDIMARIA.,368550,418736,433335,25,Cirugia
1902060,"DESCENSO TESTICULAR CON O SIN HERNIA, CUALQUIER TIEMPO, CUALQUIER TECNICA",572250,649892,672525,25,Cirugia
1902061,DESCENSO TESTICULO INGUINAL C/S HERNIOPLASTIA,368550,418736,433335,25,Cirugia
1902062,"ESCROTO, PLASTIA DE, PROC. COMPLETO",572250,649892,672525,25,Cirugia
1902063,HIDATIDECTOMIA UNILAT. C/S EVERSION DE LA VAGINAL (PROC. AUT.),368550,418736,433335,25,Cirugia
1902064,"HIDROCELE Y/O HEMATOCELE, INCLUYE QUISTES CORDON Y/O EPIDIDIMO Y/O HIDATIDECTOMIAS Y/O CIRUGIA INTRAVAGINAL DEL MISMO LADO",368550,418736,433335,25,Cirugia
1902065,ORQUIDECTOMIA UNILATERAL,368550,418736,433335,25,Cirugia
1902066,ORQUIDOPEXIA UNILATERAL,368550,418736,433335,25,Cirugia
1902067,"PROTESIS TESTICULAR, (PROC. AUT.)",368550,418736,433335,25,Cirugia
1902068,ORQUIDECTOMIA AMPLIADA POR CANCER TESTICULAR,572250,649892,672525,25,Cirugia
1902069,"DISECCION GANGLIONAR LUMBOAORTICA POR CANCER TESTICULAR, CUALQUIER VIA O TECNICA, UNI O BILATERAL O MODIFICADA.",1573950,1860980,1925700,25,Cirugia
1902070,Anastomosis deferentes o epididimo-deferencial,715050,813344,841575,25,Cirugia
1902071,"CIRUGIA DEL EPIDIDIMO Y CORDON (PROC.AUT), INCLUYE CIRUGIA INTRAVAGINAL Y/O VARICOCELE MISMO LADO",368550,418736,433335,25,Cirugia
1902072,PLASTIA EPIDIDIMO-DEFERENTE (OPERACION DE MARTIN O SIM.),715050,813344,841575,25,Cirugia
1902073,"QUISTES DEL CORDON, Y/O EPIDIDIMO, EXTIRPACION, EPIDIDIMOTOMIA DIAGNOSTICA Y/O TERAPEUTICA (PROC. AUT.)",368550,418736,433335,25,Cirugia
1902074,"EXPLORACION ESCROTO AGUDO. INCLUYE HEMATOCELE POR TRAUMA, DESTORSION Y FIJACION TESTICULO, HIDATIDECTOMIA Y EVERSION BILATERAL SI CORRESPONDE",368550,418736,433335,25,Cirugia
1902075,"VARICOCELE UNILATERAL Y/O DENERVACION CORDON ESPERMATICO (INCLUYE QUISTES, HIDATIDES E HIDROCELE MISMO LADO)",368550,418736,433335,25,Cirugia
1902076,"VASECTOMIA BILATERAL, (PROC. AUT.) (LA VASECTOMIA COMO TIEMPO PREVIO A UNA RESECCION DE PROSTATA ESTA INCLUIDA EN LA PROSTATECTOMIA)",368550,418736,433335,25,Cirugia
1902078,AMPUTACION PARCIAL DEL PENE (PROC. AUT.),572250,649892,672525,25,Cirugia
1902079,"AMPUTACION TOTAL DEL PENE, PROC. COMPLETO",961800,1075314,1112685,25,Cirugia
1902080,BIOPSIA DE PENE (PROC. AUT.),227850,260010,269115,25,Cirugia
1902081,CIRUGIA DEL PRIAPISMO CUALQUIER VIA O TECNICA,572250,649892,672525,25,Cirugia
1902082,"CIRCUNCISION (INCLUYE SECCION DE FRENILLO, Y/O DE SINEQUIAS BALANO-PREPUCIALES, Y/O INCISION DORSAL C/S MEATOTOMIA)",368550,418736,433335,25,Cirugia
1902083,CIRUGIA TRAUMATISMO PENEANO O CURVATURAS ADQUIRIDAS DE LA ALBUGINEA,368550,418736,433335,25,Cirugia
1902084,"MEATOTOMIA HOMBRE Y/O SECCION FRENILLO Y/O INCISION DORSAL, (PROC. AUT.)",227850,260010,269115,25,Cirugia
1902085,IMPLANTACION PROTESIS PENEANA CUALQUIER TIPO O VIA (NO INCLUYE PROTESIS),715050,813344,841575,25,Cirugia
1902090,TRATAMIENTO INTEGRAL LITIASIS URINARIA POR VIA LITOTRIPSIA EXTRACORPOREA,1365000,1543934,1597575,25,Cirugia
2001002,COLPOSCOPIA,119700,105081,140490,25,Cirugia
2001005,HISTEROSCOPIA DIAGNOSTICA (PROC. AUT.),227850,260010,269115,25,Cirugia
2001006,AMNIOCENTESIS,227850,260010,269115,25,Cirugia
2001007,CULDOCENTESIS (PUNCION DEL DOUGLAS),184800,196937,203805,25,Cirugia
2001012,GALACTOGRAFIA (A.C. 04-02-005),184800,196937,203805,25,Cirugia
2001013,HISTEROSALPINGOGRAFIA (A.C. 04-02-011),184800,196937,203805,25,Cirugia
2001014,"BIOPSIA ENDOMETRIO, VULVA, VAGINA, CUELLO, C/U (PROC. AUT.)",140700,157500,163065,25,Cirugia
2001015,& COLOCACION O EXTRACCION DE DISPOSITIVO INTRAUTERINO (NO INCLUYE EL VALOR DEL DISPOSITIVO),140700,157500,163065,25,Cirugia
2001016,ELECTRODIATERMO O CRIOCOAGULACION DE LESIONES DEL CUELLO,140700,157500,163065,25,Cirugia
2002001,"ABSCESO Y/O HEMATOMA DE MAMA, TRAT.QUIR.",184800,196937,203805,25,Cirugia
2002002,MASTECTOMIA PARCIAL (CUADRANTECTOMIA O SIMILAR) O TOTAL S/VACIAMIENTO GANGLIONAR,572250,649892,672525,25,Cirugia
2002003,MASTECTOMIA RADICAL O TUMORECTOMIA C/VACIAMIENTO GANGLIONAR O MASTECTOMIA TOTAL C/VACIAMIENTO GANGLIONAR,715050,813344,841575,25,Cirugia
2002005,"TUMOR BENIGNO Y/O QUISTE Y/O MAMA SUPERNUMERARIA Y/O ABERRANTE O POLITELIA, O BIOPSIA QUIRURGICA EXTEMPORANEA, TRAT. QUIR. (PROC. AUT)",368550,418736,433335,25,Cirugia
2003001,"OOFORECTOMIA PARCIAL O TOTAL, UNI O BILATERAL (PROC. AUT.)",715050,813344,841575,25,Cirugia
2003002,"ANEXECTOMIA Y/O VAC. DE ABSCESO TUBO-OVARICO, UNI O BILATERAL.",715050,813344,841575,25,Cirugia
2003003,"EMBARAZO TUBARIO, TRAT. QUIR.",715050,813344,841575,25,Cirugia
2003004,"LIGADURA O SECCION UNI O BILATERAL DE LAS TROMPAS (MADLENER, POMEROY, O SIMILARES) (PROC. AUT.)",715050,813344,841575,25,Cirugia
2003005,SALPINGECTOMIA UNI O BILATERAL,715050,813344,841575,25,Cirugia
2003006,"ESTERILIDAD TUBARIA, OPERACION PLASTICA UNI O BILATERAL CON MICROCIRUGIA",1130850,1285969,1330665,25,Cirugia
2003007,"ESTERILIDAD TUBARIA, OPERACION PLASTICA UNI O BILATERAL SIN MICROCIRUGIA",961800,1075314,1112685,25,Cirugia
2003008,MIOMECTOMIA,961800,1075314,1112685,25,Cirugia
2003009,HISTERECTOMIA SUBTOTAL POR VIA ABDOMINAL,961800,1075314,1112685,25,Cirugia
2003010,HISTERECTOMIA TOTAL O AMPLIADA POR VIA ABDOMINAL,961800,1075314,1112685,25,Cirugia
2003011,"LIGAMENTO ANCHO: ABSCESOS Y/O HEMATOMAS Y/O FLEGMONES Y/O QUISTOMAS Y/O VARICES U OTROS, TRAT. QUIR. (PROC. AUT.)",961800,1075314,1112685,25,Cirugia
2003012,"CONIZACION Y/O AMPUTACION DEL CUELLO UTERINO, DIAGNOSTICA Y/O TERAPEUTICA C/S BIOPSIA",368550,418736,433335,25,Cirugia
2003013,EXANTERACION PELVIANA ANTERIOR Y/O POSTERIOR,2116800,2571936,2661330,25,Cirugia
2003014,HISTERECTOMIA POR VIA VAGINAL,961800,1075314,1112685,25,Cirugia
2003015,"HISTERECTOMIA RADICAL CON DISECCION PELVIANA COMPLETA DE TERRITORIOS GANGLIONARES, INCLUYE GANGLIOS LUMBOAORTICOS (OPERACION DE WERTHEIM O SIMILARES)",1365000,1543934,1597575,25,Cirugia
2003016,"HISTERECTOMIA TOTAL C/INTERVENCION INCONTINENCIA URINARIA, CUALQUIER TECNICA",961800,1075314,1112685,25,Cirugia
2003017,HISTEROPEXIA,961800,1075314,1112685,25,Cirugia
2003018,PLASTIA UTERINA (OPERACION DE STRASSMANN O SIMILARES),961800,1075314,1112685,25,Cirugia
2003019,POLIPECTOMIA (UNO O MAS) (PROC. AUT.),227850,260010,269115,25,Cirugia
2003020,"SINEQUIA Y/O ESTENOSIS CERVICAL, TRAT. QUIR.",368550,418736,433335,25,Cirugia
2003021,COLPOCELIOTOMIA,368550,418736,433335,25,Cirugia
2003022,"INCONTINENCIA URINARIA DE ESFUERZO, TRAT. QUIR. POR VIA VAGINAL (PROC. AUT.)",572250,649892,672525,25,Cirugia
2003023,"PROLAPSO ANTERIOR Y/O POSTERIOR CON REPAR., INCONTINENCIA URINARIA POR VIA EXTRAVAGINAL O COMBINADA",961800,1075314,1112685,25,Cirugia
2003024,"PROLAPSO ANTERIOR Y/O POSTERIOR C/S TRAT. DE INCONTINENCIA URINARIA POR VIA VAGINAL, TRAT. QUIR.",715050,813344,841575,25,Cirugia
2003025,"QUISTE Y/O DESGARRO Y/O TABIQUE VAGINAL, TRAT. QUIR.",368550,418736,433335,25,Cirugia
2003026,"BARTOLINITIS, VACIAMIENTO Y DRENAJE (PROC. AUT.)",227850,260010,269115,25,Cirugia
2003027,BARTOLINOCISTONEOSTOMIA O EXTIRP. DE LA GLANDULA,368550,418736,433335,25,Cirugia
2003028,VULVECTOMIA RADICAL,961800,1075314,1112685,25,Cirugia
2003029,VULVECTOMIA SIMPLE,572250,649892,672525,25,Cirugia
2003030,DESGARRO CERVICAL TRAT. QUIR.,368550,418736,433335,25,Cirugia
2003031,"VIDEOLAPAROSCOPIA GINECOLOGICA EXPLORADORA (INCLUYE TOMA DE MUESTRAS PARA BIOPSIAS, PUNCION DE QUISTES Y LIBERACION DE ADHERENCIAS) (PROC. AUT.)",715050,813344,841575,25,Cirugia
2003040,INCOMPETENCIA CERVICAL TRAT. QUIR.,368550,418736,433335,25,Cirugia
2003041,"EXTRACCION DE DIU INCRUSTADO, POR VIA ABDOMINAL",961800,1075314,1112685,25,Cirugia
2004001,"ABORTO RETENIDO, VACIAMIENTO DE (INCLUYE LA INDUCCION EN LOS CASOS QUE CORRESPONDA)",227850,260010,269115,25,Cirugia
2004002,RASPADO UTERINO DIAGNOSTICO O TERAPEUTICO POR METRORRAGIA O POR RESTOS DE ABORTO,227850,260010,269115,25,Cirugia
2004003,"PARTO PRESENTACION CEFALICA O PODALICA, C/S EPISIOTOMIA, C/S SUTURA, C/S FORCEPS, C/S INDUCCION, C/S VERSION INTERNA, C/S REVISION, C/S EXTRACCION MANUAL DE PLACENTA, C/S MONITORIZACION. (UNICO O MULTIPLE)",572250,649892,672525,25,Cirugia
2004006,CESAREA C/S SALPINGOLIGADURA O SALPINGECTOMIA,715050,813344,841575,25,Cirugia
2004007,ASPIRACION MANUAL ENDOUTERINA (AMEU),140700,157500,163065,25,Cirugia
2004009,FOTOTERAPIA A RECIEN NACIDOS,140700,157500,163065,26,Cirugia
2101001,"INFILTRACION LOCAL MEDICAMENTOS, Y/O PUNCION EVACUADORA C/S TOMA DE MUESTRA (EN INTERFALANGICAS COMPRENDE HASTA DOS POR SESION)",140700,157500,163065,25,Cirugia
2101002,PROCEDIMIENTO PARA EXPLORACIONES RADIOLOGICAS (INCLUYE MANIOBRA E INYECCION DEL MEDIO DE CONTRASTE),119700,105081,140490,25,Cirugia
2101003,MOVILIZACION ARTICULAR BAJO ANESTESIA GENERAL.,368550,418736,433335,25,Cirugia
2104001,"ARTROSCOPIA DIAGNOSTICA C/S BIOPSIA, C/S SECCION DE BRIDAS, EXTRACCION DE CUERPO EXTRAÑO",184800,196937,203805,25,Cirugia
2104002,"EXOSTOSIS U OSTEOCONDROMA, TRAT. QUIR.",184800,196937,203805,25,Cirugia
2104003,"QUISTES SINOVIALES DE VAINAS FLEXORAS, BURSAS",184800,196937,203805,25,Cirugia
2104004,TRACCION HALOCRANEANA O ESTRIBO-CRANEANA (PROC. AUT.),184800,196937,203805,25,Cirugia
2104005,TRACCION HALOCRANEO-FEMORAL,184800,196937,203805,25,Cirugia
2104006,TRACCION TRANSESQUELETICA O DE PARTES BLANDAS EN ADULTOS O EN NIÑOS (PROC. AUT.),140700,157500,163065,25,Cirugia
2104007,"ARTRODESIS DE CODO O MUÑECA, C/U",227850,260010,269115,25,Cirugia
2104008,"ARTRODESIS DE HOMBRO, CADERA,RODILLA, TOBILLO O SACROILIACA, C/U",368550,418736,433335,25,Cirugia
2104009,ARTRODESIS DE MANO O PIE C/U,227850,260010,269115,25,Cirugia
2104010,"TRATAMIENTO COMPLETO DE FRACTURAS EXPUESTAS DE BRAZO, ANTEBRAZO, MUSLO Y PIERNA, C/U",572250,649892,672525,25,Cirugia
2104011,"TRATAMIENTO COMPLETO DE FRACTURAS EXPUESTAS DE MANO O PIE, C/U",368550,418736,433335,25,Cirugia
2104012,"OSTEITIS, RASPADO, C/S SECUESTRECTOMIA",368550,418736,433335,25,Cirugia
2104013,"OSTEOMIELITIS AGUDA HEMATOGENA, DRENAJE QUIRURGICO, C/S DISPOSITIVOS DE OSTEOCLISIS",572250,649892,672525,25,Cirugia
2104014,"OSTEOMIELITIS CRONICA HUESOS LARGOS, LEGRADO OSEO, C/S OSTEOSINTESIS O APARATO DE YESO",572250,649892,672525,25,Cirugia
2104015,ARTROTOMIA HOMBRO O CADERA C/U,572250,649892,672525,25,Cirugia
2104016,"Artrotomia de codo, muñeca, tobillo o temporomandibular, c/u",368550,418736,433335,25,Cirugia
2104017,"PSEUDOARTROSIS INFECTADA HUESOS LARGOS, TRAT. QUIR. CUALQUIER TECNICA, C/S DISPOSITIVO DE OSTEOCLISIS, C/S OSTEOSINTESIS O APARATO DE YESO",572250,649892,672525,25,Cirugia
2104018,AUTOTRASPLANTE OSEO MICROQUIRURGICO,1573950,1860980,1925700,25,Cirugia
2104019,INJERTO ESPONJOSO METAFISIARIO,227850,260010,269115,25,Cirugia
2104020,INJERTOS ESPONJOSOS O CORTICO-ESPONJOSOS DE CRESTA ILIACA,227850,260010,269115,25,Cirugia
2104021,TRANSPLANTE OSEO (AUTO U HOMOTRANSPLANTE),715050,813344,841575,25,Cirugia
2104022,"LESIONES QUISTICAS CON FRACTURA PATOLOGICA: LEGRADO OSEO, C/S RELLENO INJERTO ESPONJOSO, C/S OSTEOSINTESIS Y/O APARATO DE INMOVILIZACION POSTOPERATORIA",715050,813344,841575,25,Cirugia
2104023,"LESIONES QUISTICAS INTRAOSEA: LEGRADO OSEO, C/S RELLENO DE INJERTOS",715050,813344,841575,25,Cirugia
2104024,"METASTASIS OSEA C/S FRACTURA PATOLOGICA, LEGRADO TUMORAL, RELLENO CEMENTO QUIRURGICO Y OSTEOSINTESIS",715050,813344,841575,25,Cirugia
2104025,"TUMOR OSEO, RESECCION EN BLOQUE, C/S OSTEOSINTESIS Y/O APARATO INMOVILIZACION POSTOPERATORIO",715050,813344,841575,25,Cirugia
2104026,"TUMORES O QUISTES O LESIONES PSEUDOQUISTICAS O MUSCULARES Y/O TENDINEAS, TRAT. QUIR.",715050,813344,841575,25,Cirugia
2104027,"TUMORES OSEOS: RESECCION EN BLOQUE, EPIFISIARIA C/ARTRODESIS O DIAFISIARIA",715050,813344,841575,25,Cirugia
2104028,"TUMORES PRIMARIOS O METASTASICOS VERTEBRALES: CORPORECTOMIA, REEMPLAZO POR CEMENTO QUIR. O INJERTO OSEO, C/S OSTEOSINTESIS",1573950,1860980,1925700,25,Cirugia
2104029,"SINOVECTOMIAS QUIRURGICAS DE CODO O MUÑECA O METACARPOFALANGICAS, C/U",368550,418736,433335,25,Cirugia
2104030,"SINOVECTOMIAS QUIRURGICAS DE RODILLA O CADERA U HOMBRO, C/U",572250,649892,672525,25,Cirugia
2104031,EPINEURORRAFIA MICROQUIRURGICA CON MAGNIFICACION CUALQUIER TRONCO NERVIOSO (CON EXCEPCION NERVIOS DIGITALES),1130850,1285969,1330665,25,Cirugia
2104033,BIOPSIA OSEA POR PUNCION,184800,196937,203805,25,Cirugia
2104034,BIOPSIA OSEA QUIRURGICA,368550,418736,433335,25,Cirugia
2104035,BIOPSIA SINOVIAL O MUSCULAR POR PUNCION,140700,157500,163065,25,Cirugia
2104036,BIOPSIA SINOVIAL O MUSCULAR QUIRURGICA,227850,260010,269115,25,Cirugia
2104037,BIOPSIA VERTEBRAL POR PUNCION,227850,260010,269115,25,Cirugia
2104038,REGULARIZACION DE MUÑON DE AMPUTACION,227850,260010,269115,25,Cirugia
2104039,"OSTEOCONDROSIS O EPIFISITIS, TRAT. QUIR.",368550,418736,433335,25,Cirugia
2104040,AMPUTACION INTERESCAPULO-TORACICA,1573950,1860980,1925700,25,Cirugia
2104041,DESARTICULACION ESCAPULO-HUMERAL,1365000,1543934,1597575,25,Cirugia
2104042,"ENDOPROTESIS TOTAL DE HOMBRO,(CUALQUIER TECNICA)",1365000,1543934,1597575,25,Cirugia
2104044,"FRACTURA CUELLO HUMERAL, TRAT. QUIR.",715050,813344,841575,25,Cirugia
2104045,"FRACTURA DE CLAVICULA, OSTEOSINTESIS",368550,418736,433335,25,Cirugia
2104046,"FRACTURA ESCAPULA, OSTEOSINTESIS",572250,649892,672525,25,Cirugia
2104047,"LUXACION ACROMIO-CLAVICULAR O ESTERNO-CLAVICULAR, REDUCCION O PLASTIA CAPSULOLIGAMENTOSA Y OSTEOSINTESIS",715050,813344,841575,25,Cirugia
2104048,"LUXACION RECIDIVANTE DE HOMBRO, TRAT. QUIR.",572250,649892,672525,25,Cirugia
2104049,"LUXACION TRAUMATICA DE HOMBRO, REDUCCION CRUENTA",368550,418736,433335,25,Cirugia
2104050,"LUXOFRACTURA, REDUCCION Y OSTEOSINTESIS HOMBRO",715050,813344,841575,25,Cirugia
2104051,"RUPTURA MANGUITO ROTADORES, TRAT. QUIR. C/S ACROMIECTOMIA",715050,813344,841575,25,Cirugia
2104052,TRANSPOSICIONES MUSCULARES,572250,649892,672525,25,Cirugia
2104053,AMPUTACION BRAZO,715050,813344,841575,25,Cirugia
2104054,"FRACTURA SUPRACONDILEA NIÑO, TRACCION ESQUELETICA, C/S OSTEOSINTESIS Y APARATO DE YESO",572250,649892,672525,25,Cirugia
2104055,OSTEOSINTESIS DIAFISIARIA DE HUMERO (CUALQUIER TECNICA),572250,649892,672525,25,Cirugia
2104056,OSTEOSINTESIS SUPRA O INTERCONDILEA (CUALQUIER TECNICA),572250,649892,672525,25,Cirugia
2104057,OSTEOTOMIA HUMERO (CUALQUIER TECNICA),572250,649892,672525,25,Cirugia
2104058,PSEUDOARTROSIS C/S OSTEOSINTESIS C/S YESO HUMERO,572250,649892,672525,25,Cirugia
2104059,ARTROPLASTIA CON FASCIA CODO,715050,813344,841575,25,Cirugia
2104060,"CUPULA RADIAL, RESECCION",572250,649892,672525,25,Cirugia
2104061,"CUPULA RADIAL, (RESECCION CON IMPLANTE DE PROTESIS) ARTROPLASTIA",715050,813344,841575,25,Cirugia
2104062,"ENDOPROTESIS TOTAL DE CODO, (CUALQUIER TECNICA)",1365000,1543934,1597575,25,Cirugia
2104063,"EPICONDILITIS, TRAT. QUIR. (CUALQUIER TECNICA)",572250,649892,672525,25,Cirugia
2104064,"LUXACION DE CODO, REDUCCION CRUENTA",368550,418736,433335,25,Cirugia
2104065,"LUXOFRACTURA DE CODO, REDUCCION CRUENTA C/S RESECCION CUPULA RADIAL",572250,649892,672525,25,Cirugia
2104066,OSTEOSINTESIS EPITROCLEA-EPICONDILO (CUALQUIER TECNICA),572250,649892,672525,25,Cirugia
2104067,OSTEOSINTESIS OLECRANON U OSTEOSINTESIS DE CUPULA RADIAL (PROC. AUT.) (CUALQUIER TECNICA),572250,649892,672525,25,Cirugia
2104068,TRASLOCACION NERVIO CUBITAL (PROC. AUT.),715050,813344,841575,25,Cirugia
2104069,OPERACION DE SALVATAJE RADIO-PROCUBITO,715050,813344,841575,25,Cirugia
2104070,AMPUTACION ANTEBRAZO,715050,813344,841575,25,Cirugia
2104071,EXTIRPACION METAFISIS DISTAL DEL CUBITO Y ARTRODESIS RADIOCUBITAL INFERIOR,572250,649892,672525,25,Cirugia
2104072,"LUXOFRACTURAS (MONTEGGIA-GALEAZZI), REDUCC. Y OSTEOSINTESIS",572250,649892,672525,25,Cirugia
2104073,"OSTEOSINTESIS, FRACT.CERRADA CUBITO Y/O RADIO (CUALQ. TECN.)",572250,649892,672525,25,Cirugia
2104074,"OSTEOTOMIA UNO O AMBOS HUESOS, C/S OSTEOSINTESIS C/S YESO O TRAT. QUIR. ENF. DE KIENBOCK",572250,649892,672525,25,Cirugia
2104075,PSEUDOARTROSIS CUBITO Y/O RADIO C/S OSTEOSINTESIS C/S YESO,572250,649892,672525,25,Cirugia
2104076,"SINOSTOSIS RADIO-CUBITAL, TRAT. QUIR., C/S INJERTO",572250,649892,672525,25,Cirugia
2104077,TRASPLANTES MUSCULO-TENDINOSOS ANTEBRAZO,572250,649892,672525,25,Cirugia
2104078,"CONTRACTURA ISQUEM. DE VOLKMANN: DESCENSO MUSCULAR, NEUROLISIS",572250,649892,672525,25,Cirugia
2104079,"ENDOPROTESIS TOTAL DE MUÑECA, (CUALQUIER TECNICA)",1365000,1543934,1597575,25,Cirugia
2104080,"ESTILOIDES CUBITAL, RADIAL, RESECCION DE.",368550,418736,433335,25,Cirugia
2104081,"FRACTURA O PSEUDOARTROSIS ESCAFOIDES, TRAT. QUIR. CUALQ. TECN.",368550,418736,433335,25,Cirugia
2104083,"LUXACION RADIOCARPIANA, TRAT. QUIR.",368550,418736,433335,25,Cirugia
2104084,"LUXACION SEMILUNAR ,ESCAFOIDEA, REDUCCION Y OSTEOSINTESIS SEMICRUENTA O CRUENTA",368550,418736,433335,25,Cirugia
2104085,"OSTEOSINTESIS RADIO, (CUALQUIER TECNICA)",572250,649892,672525,25,Cirugia
2104086,"TENDOVAGINOSIS DE DE QUERVAIN, TRAT. QUIR.",572250,649892,672525,25,Cirugia
2104087,AMPUTACION DEDOS (TRES O MAS),368550,418736,433335,25,Cirugia
2104088,AMPUTACION DEDOS (UNO O DOS),227850,260010,269115,25,Cirugia
2104089,AMPUTACION MANO O DEL PULGAR,572250,649892,672525,25,Cirugia
2104090,AMPUTACION PULPEJOS (PLASTIA KUTLER O SIMILARES),227850,260010,269115,25,Cirugia
2104091,"CONTRACTURA DUPUYTREN, TRAT. QUIR., CADA TIEMPO",368550,418736,433335,25,Cirugia
2104092,"CONTUSION-COMPRESION GRAVE MANO, TRAT. QUIR. INCLUYE INCISIONES LIBERADORAS Y/O FASCIOTOMIA Y/O ESCARECTOMIA Y/O INJERTOS PIEL INMEDIATOS Y SINTESIS PERCUTANEA",368550,418736,433335,25,Cirugia
2104093,"DEDOS EN GATILLO, TRAT. QUIR., CUALQUIER NUMERO",227850,260010,269115,25,Cirugia
2104094,"FLEGMON MANO, TRAT. QUIR.",184800,196937,203805,25,Cirugia
2104095,"LUXOFRACTURA METACARPOFALANGICA O INTERFALANGICA, TRAT. QUIR.",227850,260010,269115,25,Cirugia
2104096,"MANO REUMATICA EN RAFAGA: TRASLOCACIONES TENDINOSAS, PLASTIAS CAPSULARES, TENOTOMIAS, INMOVILIZACION POSTOPERATORIA",572250,649892,672525,25,Cirugia
2104097,"MANO REUMATICA: IMPLANT. SILASTIC, CUALQ. NUMERO (PROC. AUT.)",715050,813344,841575,25,Cirugia
2104098,"MUTILACION GRAVE MANO, ASEO. QUIR. COMPLETO C/S OSTEOSINTESIS, C/S INJERTOS",572250,649892,672525,25,Cirugia
2104099,"OSTEOSINTESIS METACARPIANAS O DE FALANGES, CUALQUIER TECNICA",227850,260010,269115,25,Cirugia
2104100,"PANADIZO, TRAT. QUIR.",140700,157500,163065,25,Cirugia
2104101,PULGARIZACION DEDO (INDICE O ANULAR),715050,813344,841575,25,Cirugia
2104102,REIMPLANTE MANO O DEDO(S),1573950,1860980,1925700,25,Cirugia
2104103,REPARACION FLEXORES: PRIMER TIEMPO ESPACIADOR SILASTIC,572250,649892,672525,25,Cirugia
2104104,REPARACION NERVIO DIGITAL CON INJERTO INTERFASCICULAR: CUALQUIER NUMERO,961800,1075314,1112685,25,Cirugia
2104105,"RUPTURAS CERRADAS CAPSULO-LIGAMENT. O TENDINOSAS, TRAT. QUIR. MANO",368550,418736,433335,25,Cirugia
2104106,"SUTURA NERVIO(S) DIGITAL(ES), MICROCIRUGIA",961800,1075314,1112685,25,Cirugia
2104107,TENORRAFIA EXTENSORES MANO,368550,418736,433335,25,Cirugia
2104108,TENORRAFIA O INJERTOS FLEXORES MANO,368550,418736,433335,25,Cirugia
2104109,"TENOSINOVITIS SEPTICA, TRAT. QUIR. MANO",184800,196937,203805,25,Cirugia
2104110,TRASPLANTE MICROQUIRURGICO PARA PULGAR,1573950,1860980,1925700,25,Cirugia
2104111,TRANSPOSICIONES TENDINOSAS FLEXORAS O EXTENSORAS MANO,368550,418736,433335,25,Cirugia
2104112,"DIASTEMATOMIELIA, RESECCION ESPOLON C/S INSTRUMENTACION",1365000,1543934,1597575,25,Cirugia
2104113,"ESCOLIOSIS, TRAT. QUIR., CUALQUIER VIA DE ABORDAJE, E INSTRUMENTACION DE HARRINGTON, LUQUE, DWYER O SIMILARES",2116800,2571936,2661330,25,Cirugia
2104116,"LUXACIONES, LUXOFRACTURAS VERTEBRALES (CERVICAL, DORSAL, LUMBAR), REDUCCION CRUENTA, CUALQUIER VIA DE ABORDAJE, CUALQUIER NUMERO",1365000,1543934,1597575,25,Cirugia
2104117,"OSTEOTOMIAS VERTEBRALES CORRECTORAS, C/S INSTRUMENTACION, C/S INJERTOS OSEOS, C/S ARTRODESIS",1573950,1860980,1925700,25,Cirugia
2104118,"PLASTIAS COSTALES, CUALQUIER NUMERO",368550,418736,433335,25,Cirugia
2104119,REEMPLAZO CUERPO VERTEBRAL CON ARTRODESIS C/S OSTEOSINTESIS C/S INSTRUMENTACION,1573950,1860980,1925700,25,Cirugia
2104121,RESECCION DEL COXIS,368550,418736,433335,25,Cirugia
2104122,Osteosintesis en fractura de arco anterior de pelvis y disyunciones pubianas,715050,813344,841575,25,Cirugia
2104123,"FRACTURA DE PELVIS, OSTEOSINTESIS QUIR.",961800,1075314,1112685,25,Cirugia
2104124,"OSTEOTOMIA PELVIANA (SALTER, CHIARI O SIMILARES)",961800,1075314,1112685,25,Cirugia
2104125,TRIPLE OSTEOTOMIA DE PELVIS,961800,1075314,1112685,25,Cirugia
2104126,AMPUTACION INTER-ILIO ABDOMINAL,2116800,2571936,2661330,25,Cirugia
2104127,DESARTICULACION CADERA,1921500,2164284,2239440,25,Cirugia
2104128,ENDOPROTESIS PARCIAL DE CADERA C/S CEMENTACION (CUALQUIER TECNICA) (NO INCLUYE PROTESIS),1365000,1543934,1597575,25,Cirugia
2104129,ENDOPROTESIS TOTAL DE CADERA,1573950,1860980,1925700,25,Cirugia
2104130,"EPIFISIOLISIS LENTA O AGUDA, TRAT. QUIR.",961800,1075314,1112685,25,Cirugia
2104131,"FRACTURA DE CUELLO DE FEMUR, OSTEOSINTESIS, CUALQUIER TECNICA",1365000,1543934,1597575,25,Cirugia
2104132,"FRACTURA DE CUELLO DE FEMUR, RESECCION EPIFISIS FEMORAL",961800,1075314,1112685,25,Cirugia
2104133,"LUXACION TRAUMATICA DE CADERA, REDUCCION CRUENTA",715050,813344,841575,25,Cirugia
2104134,"LUXOFRACTURA ACETABULAR, TRAT. QUIR.",961800,1075314,1112685,25,Cirugia
2104135,"OPERACION DE SALVATAJE CADERA, COLUMNA O SIMILARES",1365000,1543934,1597575,25,Cirugia
2104136,OSTEOTOMIAS FEMORALES,961800,1075314,1112685,25,Cirugia
2104137,REDUCCION CRUENTA EN LUXACION CONGENITA O TRAUMATICA DE CADERA,715050,813344,841575,25,Cirugia
2104138,REDUCCION CRUENTA Y ACETABULOPLASTIA FEMORAL C/S OSTEOTOMIA FEMORAL,1130850,1285969,1330665,25,Cirugia
2104139,REDUCCION CRUENTA Y OSTEOTOMIA FEMORAL,961800,1075314,1112685,25,Cirugia
2104140,"TENOTOMIA ADUCTORES C/S BOTAS, CON YUGO (PROC. AUT.)",715050,813344,841575,25,Cirugia
2104141,TROCANTEROPLASTIAS,961800,1075314,1112685,25,Cirugia
2104142,AMPUTACION MUSLO,715050,813344,841575,25,Cirugia
2104143,EPIFISIODESIS (FEMUR Y/O TIBIA),961800,1075314,1112685,25,Cirugia
2104144,OSTEOSINTESIS DIAFISIARIA O METAFISIARIA MUSLO (CUALQUIER TECNICA),961800,1075314,1112685,25,Cirugia
2104145,OSTEOTOMIA CORRECTORA MUSLO,961800,1075314,1112685,25,Cirugia
2104146,OSTEOTOMIA DE ALARGAMIENTO O ACORTAMIENTO CON OSTEOSINTESIS INMEDIATA O DISTRACCION INSTRUMENTAL PROGRESIVA MUSLO,1130850,1285969,1330665,25,Cirugia
2104147,OSTEOTOMIA EN ROSARIO CON ENCLAVIJAMIENTO CLAVO TELESCOPICO,1365000,1543934,1597575,25,Cirugia
2104148,"PSEUDOARTROSIS, TRAT. QUIR. (CUALQUIER TECNICA) MUSLO",961800,1075314,1112685,25,Cirugia
2104149,"RUPTURA Y/O HERNIA MUSCULAR, TRAT. QUIR. MUSLO",368550,418736,433335,25,Cirugia
2104150,"ARTROTOMIA POR CUERPOS LIBRES, OSTEOCONDRITIS RODILLA (PROC. AUT)",572250,649892,672525,25,Cirugia
2104151,DESARTICULACION RODILLA,1365000,1543934,1597575,25,Cirugia
2104152,"DISFUNCION PATELO-FEMORAL, REALINEAMIENTO (CUALQUIER TECNICA)",572250,649892,672525,25,Cirugia
2104153,"ENDOPROTESIS TOTAL DE RODILLA, (CUALQUIER TECNICA)",1365000,1543934,1597575,25,Cirugia
2104154,FRACTURA ROTULA: OSTEOSINTESIS O PATELECTOMIA PARC. O TOTAL,572250,649892,672525,25,Cirugia
2104155,"FRACTURAS CONDILEAS O DE PLATILLOS TIBIALES, REDUCCION, OSTEOSINTESIS (CUALQUIER TECNICA)",715050,813344,841575,25,Cirugia
2104156,"INESTABILIDAD CRONICA DE RODILLA, RECONSTRUCCION CAPSULOLIGAMENTOSA (CUALQUIER TECNICA)",715050,813344,841575,25,Cirugia
2104157,"LUXACION O ROTURA LIGAMENTOS, TRAT. QUIR. CAPSULO-LIGAMENTOSO",572250,649892,672525,25,Cirugia
2104158,"MENISCECTOMIA QUIRURGICA, INTERNA Y/O EXTERNA",572250,649892,672525,25,Cirugia
2104159,MENISCECTOMIA U OTRAS INTERVENCIONES POR VIA ARTROSCOPICA (INCLUYE ARTROSCOPIA DIAGNOSTICA),572250,649892,672525,25,Cirugia
2104160,"QUISTE POPLITEO, TRAT. QUIR.",227850,260010,269115,25,Cirugia
2104161,RECONSTRUCCION APARATO EXTENSOR DE RODILLA,572250,649892,672525,25,Cirugia
2104162,REPARACION QUIRURGICA LIGAMENTOS COLATERALES Y/O CRUZADOS DE RODILLA,572250,649892,672525,25,Cirugia
2104163,TRASLOCACIONES MUSCULO-TENDINOSAS EN RODILLA PARALITICA O ESPASTICA,572250,649892,672525,25,Cirugia
2104164,AMPUTACION PIERNA,961800,1075314,1112685,25,Cirugia
2104165,"COLGAJO CRUZADO DE PIERNA, TRAT. QUIR. COMPLETO",961800,1075314,1112685,25,Cirugia
2104166,FASCIOTOMIA POR SINDROME COMPARTAMENTAL,368550,418736,433335,25,Cirugia
2104167,OSTEOSINTESIS TIBIO-PERONE (CUALQUIER TECNICA),572250,649892,672525,25,Cirugia
2104168,OSTEOTOMIA CORRECTORA DE EJES (CUALQUIER TECNICA) PIERNA,572250,649892,672525,25,Cirugia
2104169,OSTEOTOMIA DE ALARGAMIENTO O ACORTAMIENTO CON OSTEOSINTESIS INMEDIATA O DISTRACCION INSTRUMENTAL PROGRESIVA PIERNA,1130850,1285969,1330665,25,Cirugia
2104170,OSTEOTOMIA DEL PERONE,368550,418736,433335,25,Cirugia
2104171,PERONE PROTIBIA,715050,813344,841575,25,Cirugia
2104172,"PSEUDOARTROSIS, C/S OSTEOSINTESIS (CUALQUIER TECNICA) PIERNA",572250,649892,672525,25,Cirugia
2104173,DESARTICULACION TOBILLO,1130850,1285969,1330665,25,Cirugia
2104174,"ENDOPROTESIS TOTAL TOBILLO, (CUALQUIER TECNICA)",1365000,1543934,1597575,25,Cirugia
2104175,"ESGUINCE GRAVE DE TOBILLO, TRAT. QUIR. CAPSULO-LIGAMENTOSO",572250,649892,672525,25,Cirugia
2104176,"FRACTURA ASTRAGALO Y/O CALCANEO, OSTEOSINTESIS (CUALQ. TECN.)",715050,813344,841575,25,Cirugia
2104177,"HUESOS SUPERNUMERARIOS, EXTIRPACION, UNO O MAS, UNILATERAL",368550,418736,433335,25,Cirugia
2104178,"LUXACION TIBIO-ASTRAG.-CALCAN., REDUCC. CRUENTA Y OSTEOSINT.",572250,649892,672525,25,Cirugia
2104179,"LUXOFRACTURA TOBILLO, CUALQUIER TIPO, OSTEOSINTESIS Y REPARACION CAPSULO-LIGAMENTOSA",715050,813344,841575,25,Cirugia
2104180,OSTEOPLASTIA TIBIO-CALCANEA,715050,813344,841575,25,Cirugia
2104181,"RUPTURA TENDON DE AQUILES O TIBIAL POSTERIOR, TENORRAFIA PRIMARIA Y/O TRANSPOSICIONES TENDINOSAS",572250,649892,672525,25,Cirugia
2104182,"RUPTURA TIBIAL ANTERIOR U OTROS, TENORRAFIA",572250,649892,672525,25,Cirugia
2104183,TENORRAFIA EXTENSORES O TENOTOMIA DE ALARGAMIENTO DE TENDON DE AQUILES,368550,418736,433335,25,Cirugia
2104184,TRASLOCACION TENDINOSA TOBILLO,572250,649892,672525,25,Cirugia
2104185,AMPUTACION TRANSMETATARSIANA,715050,813344,841575,25,Cirugia
2104186,"ASTRAGALO VERTICAL, TRAT. QUIR.",572250,649892,672525,25,Cirugia
2104187,"ESPOLON CALCANEO, TRAT. QUIR.",368550,418736,433335,25,Cirugia
2104188,"EXOSTOSIS 5° METATARSIANO, (""JUANETILLO"") TRAT. QUIR.",368550,418736,433335,25,Cirugia
2104189,FASCIOTOMIA PLANTAR (PROC. AUT.),368550,418736,433335,25,Cirugia
2104190,"HALLUX VALGUS O RIGIDUS, TRAT.QUIR. COMPLETO (CUALQUIER TEC.)",368550,418736,433335,25,Cirugia
2104191,"LUXACIONES, LUXOFRACTURAS, FRACTURAS, REDUCCION CRUENTA PIE",572250,649892,672525,25,Cirugia
2104192,"MAL PERFORANTE PLANTAR, TRAT. QUIR.",572250,649892,672525,25,Cirugia
2104193,"NEUROMA DE MORTON, TRAT. QUIR.",368550,418736,433335,25,Cirugia
2104194,"ORTEJOS EN GARRA, TRAT. QUIR., CUALQ. NUMERO (CUALQ. TECNICA)",368550,418736,433335,25,Cirugia
2104195,"ORTEJOS, AMPUTACION, UNO O MAS, UNILATERAL",368550,418736,433335,25,Cirugia
2104196,"PIE BOT U OTRAS MALFORMACIONES CONGENITAS, TRAT. QUIR. (CUALQUIER TECNICA)",572250,649892,672525,25,Cirugia
2104197,"PIE CAVO, TRAT.QUIR. (CUALQUIER TECNICA)",368550,418736,433335,25,Cirugia
2104198,"PIE PLANO, TRAT. QUIR. (CUALQUIER TECNICA)",368550,418736,433335,25,Cirugia
2104199,"PIE REUMATOIDEO, TRAT.QUIR.COMPLETO (CUALQUIER TECNICA)",572250,649892,672525,25,Cirugia
2104200,"SESAMOIDEOS, EXTIRPACION DE UNO O MAS, UNILATERAL",368550,418736,433335,25,Cirugia
2104201,TENORRAFIA EXTENSORES PIE,368550,418736,433335,25,Cirugia
2104202,TRASPLANTES TENDINOSOS PIE (CUALQUIER TECNICA),572250,649892,672525,25,Cirugia
2104203,"TRATAMIENTO QUIR., DEDOS EN GATILLO, CUALQUIER NUMERO TEC. WALANT (ANESTESIA LOCAL SIN TORNIQUETE)",227850,260010,269115,25,Cirugia
2106001,RETIRO DE ENDOPROTESIS U OSTEOSINTESIS INTERNAS ARTICULARES O DE COLUMNA VERTEBRAL,1130850,1285969,1330665,25,Cirugia
2106002,RETIRO DE PLACAS RECTAS O ANGULADAS,368550,418736,433335,25,Cirugia
2106003,"RETIRO DE TORNILLOS, CLAVOS, AGUJAS DE OSTEOSINTESIS O SIMILARES",368550,418736,433335,25,Cirugia
2107001,"LUXACIONES DE ARTICULACIONES MEDIANAS (HOMBRO, CODO, RODILLA, TOBILLO, MUÑECA, TARSO Y ESTERNOCLAVICULAR)",184800,196937,203805,25,Cirugia
2107002,"LUXACIONES DE ARTICULACIONES MAYORES (COLUMNA, CADERA, PELVIS)",227850,260010,269115,25,Cirugia
2107003,LUXACIONES DE ARTICULACIONES MENORES (EL RESTO),184800,196937,203805,25,Cirugia
2107004,"FRACTURAS MAYORES (COLUMNA, PELVIS, SUPRACONDILEA, CODO, EPIFISIS FEMORALES)",227850,260010,269115,25,Cirugia
2107005,"FRACTURAS MEDIANAS (DIAFISIS HUMERAL, RADIAL, CUBITAL, DIAFISIS FEMORAL, TIBIAL, PERONEAL, CLAVICULAR, PLATILLOS TIBIALES)",184800,196937,203805,25,Cirugia
2107006,FRACTURAS MENORES (EL RESTO),184800,196937,203805,25,Cirugia
2107010,"PIE BOT, UNILATERAL, HASTA 10 CAMBIOS DE YESO",227850,260010,269115,25,Cirugia
5001017,NEBULIZACION DE URGENCIA,10185,10185,10185,26,Cirugia
5001024,HEMOGLUCOTEST (PROCEDIMIENTO HOSP´),2132,2132,2132,26,Cirugia
5001028,FENESTRACION,5906,5906,5906,26,Cirugia
5001032,YESO AB (INMOVILIZACIONES),2251,2251,2251,68,Otorrino
5001034,YESO VALPEAU (INMOVILIZACIONES),37201,37201,37201,68,Otorrino
5001037,YESO BOTA LARGA (INMOVILIZACIONES),37201,37201,37201,68,Otorrino
5001044,NEBULIZACION CEM CON MASCARILLA,4725,4725,4725,17,Kinesiologia
5001045,NEBULIZACION CEM SIN MASCARILLA,4200,4200,4200,17,Kinesiologia
5001046,SESION KINESIOLOGIA NEUROLOGICA,18900,18900,18900,17,Kinesiologia
5001048,NEBULIZACION PABELLON,5623,5623,5623,26,Cirugia
5001051,"INSTALACION DE BALON INSTRAGASTRICO, VIA LAPAROSCIOPICA",215599,215599,215599,25,Cirugia
5001073,INFORME RESULTADO,12000,12000,12000,25,Cirugia
5001074,DETERMINACION BILIRRUBINA TRANSCUTÁNEA,5250,5250,5250,26,Cirugia
5001081,PREMEDICACION OFTALMICA,23099,23099,23099,26,Cirugia
5001082,PREMEDICACION PTERIGION,15657,15657,15657,26,Cirugia
5001089,PABELLON CROSS LINKING,59500,59500,59500,25,Cirugia
5001097,SALA DE PROCEDIMIENTO CPLAST (CEM),23800,23800,23800,68,Otorrino
5001125,ARTROSENTESIS,26249,26249,26249,26,Cirugia
5001138,ELECTROCAUTERIZACION,126000,126000,126000,26,Cirugia
5001153,TRAT IM VACUNA AH1N1,2625,2625,2625,26,Cirugia
5001156,TUBIGRIP,2625,2625,2625,26,Cirugia
5001158,TAPONAMIENTO NASAL ANTERIOR,10499,10499,10499,26,Cirugia
5001187,EVALUACION DE FONOAUDIOLOGIA,26250,26250,26250,17,Kinesiologia
5001193,DERECHO A SALA DE PROCEDIMIENTOS,10500,10500,10500,26,Cirugia
5001202,TRATAMIENTO INTRAMUSCULAR SAT,3884,3884,3884,26,Cirugia
5001204,TRATAMIENTO SUBCUTANEO,9996,9996,9996,26,Cirugia
5001207,DRENAJE MAYOR,20474,20474,20474,26,Cirugia
5001214,VACIAMIENTO VESICAL,7245,7245,7245,26,Cirugia
5001217,ONICECTOMIA,35280,35280,35280,26,Cirugia
5001220,CORTE DE ANILLO,1470,1470,1470,26,Cirugia
5001222,TOMA DE MUESTRA SANGRE,2624,2624,2624,26,Cirugia
5001233,CUERPO EXTRAÑO,68001,68001,68001,26,Cirugia
5001237,ADENITIS,68001,68001,68001,26,Cirugia
5001255,SUTURA INTERCOSULTOR,99960,99960,99960,26,Cirugia
5001260,CRIOTERAPIA,14994,14994,14994,17,Kinesiologia
5001264,SEDACION TAC,107100,107100,107100,68,Otorrino
5001270,PROCEDIMIENTO HEMOFILTRACION,142800,142800,142800,68,Otorrino
5001271,PROCEDIMIENTO PLASMAFERESIS,142800,142800,142800,68,Otorrino
5001272,UNIDAD DE PLASMA PLASMAFERESIS (PFC),83300,83300,83300,68,Otorrino
5001274,MOVILIZADOR PASIVO CONTINUO (CPM),8400,8400,8400,17,Kinesiologia
5001275,HEMODIALISIS SIN INSUMOS,367500,367500,367500,26,Cirugia
5001310,REHABILITACION FONOAUDIOLOGIA,21000,21000,21000,17,Kinesiologia
5001400,PERITONEODIALISIS (ENFERMERA),26250,26250,26250,26,Cirugia
5002014,FRENULOPLASTIA (PROCEDIMIENTO URG),115000,115000,115000,68,Otorrino
5002015,MEATOTOMIA (PROCEDIMIENTO URG),115000,115000,115000,68,Otorrino
5011000,CIRUGIA PLASTICA (1 HORA),215000,215000,215000,25,Cirugia
5012000,CIRUGIA PLASTICA (30 MINUTOS),107500,107500,107500,25,Cirugia
5030002,ISTAT G3+,13514,13514,13514,26,Cirugia
5030007,IFI ADENOVIRUS (ADV),8271,8271,8271,26,Cirugia
30103611,POCT CHEM8 HEMATOCRITO,714,714,714,8,Laboratorio
30103612,POCT CONTEO HEMATOLOGICO HEMATOCRITO,1428,1428,1428,8,Laboratorio
30103811,POCT CHEM8 HEMOGLOBINA,1428,1428,1428,8,Laboratorio
30103812,POCT CONTEO HEMATOLOGICO HEMOGLOBINA,1428,1428,1428,8,Laboratorio
30106411,POCT CONTEO HEMATOLOGICO RECUENTO DE ERITROCITOS,1392,1392,1392,8,Laboratorio
30106511,POCT CONTEO HEMATOLOGICO RECUENTO DE LEUCOCITOS,1357,1357,1357,8,Laboratorio
30106611,POCT CONTEO HEMATOLOGICO RECUENTO DE LINFOCITOS,2344,2344,2344,8,Laboratorio
30106711,POCT CONTEO HEMATOLOGICO RECUENTO DE PLAQUETAS,2404,2404,2404,8,Laboratorio
30301411,"POCT GONADOTROFINA CORIÓNICA, FRACCIÓN BETA",9901,9901,9901,8,Laboratorio
